Tools	Port 2: NDI 8700340  s/n:34802401	Frame	Face	State	Q0	Qx	Qy	Qz	Tx	Ty	Tz	Error	Markers	Stray Markers	Frame	Face	State	Q0	Qx	Qy	Qz	Tx	Ty	Tz	Error	Markers	State	Tx	Ty	Tz
2	Port 2: NDI 8700340  s/n:34802401	447941	1	OK	0.8068246	0.0057006	-0.5874243	-0.0627239	12.747	-39.044	-1320.006	0.1149763	0	Stray Markers	447941	1	OK	1.0000000	0.0000000	0.0000000	0.0000000	0.000	0.000	0.000	0.0000000	1	OK	71.407	-23.981	-1238.928
2	Port 2: NDI 8700340  s/n:34802401	447944	1	OK	0.8068440	0.0053445	-0.5874268	-0.0624812	12.776	-39.072	-1319.955	0.1177072	0	Stray Markers	447944	1	OK	1.0000000	0.0000000	0.0000000	0.0000000	0.000	0.000	0.000	0.0000000	1	OK	71.401	-23.978	-1238.930
2	Port 2: NDI 8700340  s/n:34802401	447947	1	OK	0.8069491	0.0056852	-0.5872134	-0.0630968	12.761	-39.035	-1319.993	0.1195717	0	Stray Markers	447947	1	OK	1.0000000	0.0000000	0.0000000	0.0000000	0.000	0.000	0.000	0.0000000	1	OK	71.403	-23.983	-1238.943
2	Port 2: NDI 8700340  s/n:34802401	447950	1	OK	0.8070841	0.0047812	-0.5871014	-0.0624854	12.778	-39.090	-1319.935	0.1174537	0	Stray Markers	447950	1	OK	1.0000000	0.0000000	0.0000000	0.0000000	0.000	0.000	0.000	0.0000000	1	OK	71.410	-23.980	-1238.958
2	Port 2: NDI 8700340  s/n:34802401	447953	1	OK	0.8073119	0.0054458	-0.5866263	-0.0639328	12.763	-39.030	-1319.975	0.1133374	0	Stray Markers	447953	1	OK	1.0000000	0.0000000	0.0000000	0.0000000	0.000	0.000	0.000	0.0000000	1	OK	71.403	-23.976	-1238.925
2	Port 2: NDI 8700340  s/n:34802401	447956	1	OK	0.8078431	0.0045968	-0.5858663	-0.0642577	12.759	-39.032	-1319.986	0.1049140	0	Stray Markers	447956	1	OK	1.0000000	0.0000000	0.0000000	0.0000000	0.000	0.000	0.000	0.0000000	1	OK	71.408	-23.979	-1238.959
2	Port 2: NDI 8700340  s/n:34802401	447959	1	OK	0.8085071	0.0039429	-0.5848850	-0.0648864	12.753	-39.032	-1319.989	0.1084701	0	Stray Markers	447959	1	OK	1.0000000	0.0000000	0.0000000	0.0000000	0.000	0.000	0.000	0.0000000	1	OK	71.403	-23.962	-1238.902
2	Port 2: NDI 8700340  s/n:34802401	447962	1	OK	0.8090213	0.0026593	-0.5841734	-0.0649527	12.770	-39.055	-1319.951	0.1146721	0	Stray Markers	447962	1	OK	1.0000000	0.0000000	0.0000000	0.0000000	0.000	0.000	0.000	0.0000000	1	OK	71.393	-23.949	-1238.884
2	Port 2: NDI 8700340  s/n:34802401	447965	1	OK	0.8092166	0.0018668	-0.5838314	-0.0656195	12.768	-39.021	-1319.969	0.1227721	0	Stray Markers	447965	1	OK	1.0000000	0.0000000	0.0000000	0.0000000	0.000	0.000	0.000	0.0000000	1	OK	71.386	-23.932	-1238.799
2	Port 2: NDI 8700340  s/n:34802401	447968	1	OK	0.8095408	0.0013845	-0.5833132	-0.0662387	12.734	-39.078	-1320.034	0.1146030	0	Stray Markers	447968	1	OK	1.0000000	0.0000000	0.0000000	0.0000000	0.000	0.000	0.000	0.0000000	1	OK	71.393	-23.951	-1238.809
2	Port 2: NDI 8700340  s/n:34802401	447971	1	OK	0.8099553	0.0008170	-0.5826539	-0.0669791	12.730	-39.069	-1320.021	0.1164727	0	Stray Markers	447971	1	OK	1.0000000	0.0000000	0.0000000	0.0000000	0.000	0.000	0.000	0.0000000	1	OK	71.387	-23.940	-1238.824
2	Port 2: NDI 8700340  s/n:34802401	447974	1	OK	0.8101674	0.0009395	-0.5821823	-0.0684957	12.761	-39.033	-1319.957	0.1188885	0	Stray Markers	447974	1	OK	1.0000000	0.0000000	0.0000000	0.0000000	0.000	0.000	0.000	0.0000000	1	OK	71.385	-23.920	-1238.789
2	Port 2: NDI 8700340  s/n:34802401	447977	1	OK	0.8105358	0.0000229	-0.5815467	-0.0695351	12.762	-39.042	-1319.962	0.1066213	0	Stray Markers	447977	1	OK	1.0000000	0.0000000	0.0000000	0.0000000	0.000	0.000	0.000	0.0000000	1	OK	71.381	-23.908	-1238.715
2	Port 2: NDI 8700340  s/n:34802401	447980	1	OK	0.8110389	-0.0009621	-0.5807553	-0.0702727	12.725	-39.038	-1320.040	0.1095325	0	Stray Markers	447980	1	OK	1.0000000	0.0000000	0.0000000	0.0000000	0.000	0.000	0.000	0.0000000	1	OK	71.371	-23.903	-1238.694
2	Port 2: NDI 8700340  s/n:34802401	447983	1	OK	0.8113106	-0.0015815	-0.5802651	-0.0711687	12.756	-39.035	-1319.960	0.1119705	0	Stray Markers	447983	1	OK	1.0000000	0.0000000	0.0000000	0.0000000	0.000	0.000	0.000	0.0000000	1	OK	71.367	-23.886	-1238.645
2	Port 2: NDI 8700340  s/n:34802401	447986	1	OK	0.8117715	-0.0021449	-0.5795230	-0.0719409	12.748	-39.024	-1319.970	0.1168854	0	Stray Markers	447986	1	OK	1.0000000	0.0000000	0.0000000	0.0000000	0.000	0.000	0.000	0.0000000	1	OK	71.354	-23.855	-1238.550
2	Port 2: NDI 8700340  s/n:34802401	447989	1	OK	0.8122461	-0.0029460	-0.5788218	-0.0722005	12.733	-39.051	-1319.994	0.1214941	0	Stray Markers	447989	1	OK	1.0000000	0.0000000	0.0000000	0.0000000	0.000	0.000	0.000	0.0000000	1	OK	71.346	-23.834	-1238.476
2	Port 2: NDI 8700340  s/n:34802401	447992	1	OK	0.8128141	-0.0036117	-0.5778842	-0.0732803	12.726	-39.051	-1320.018	0.1064682	0	Stray Markers	447992	1	OK	1.0000000	0.0000000	0.0000000	0.0000000	0.000	0.000	0.000	0.0000000	1	OK	71.341	-23.831	-1238.447
2	Port 2: NDI 8700340  s/n:34802401	447995	1	OK	0.8134852	-0.0045708	-0.5767833	-0.0744444	12.725	-39.050	-1320.002	0.1222106	0	Stray Markers	447995	1	OK	1.0000000	0.0000000	0.0000000	0.0000000	0.000	0.000	0.000	0.0000000	1	OK	71.326	-23.795	-1238.369
2	Port 2: NDI 8700340  s/n:34802401	447998	1	OK	0.8143256	-0.0057260	-0.5754251	-0.0756771	12.745	-39.038	-1319.954	0.1185645	0	Stray Markers	447998	1	OK	1.0000000	0.0000000	0.0000000	0.0000000	0.000	0.000	0.000	0.0000000	1	OK	71.319	-23.773	-1238.334
2	Port 2: NDI 8700340  s/n:34802401	448001	1	OK	0.8156724	-0.0069762	-0.5732902	-0.0772542	12.686	-39.041	-1320.074	0.1022533	0	Stray Markers	448001	1	OK	1.0000000	0.0000000	0.0000000	0.0000000	0.000	0.000	0.000	0.0000000	1	OK	71.306	-23.760	-1238.222
2	Port 2: NDI 8700340  s/n:34802401	448004	1	OK	0.8166907	-0.0077940	-0.5715492	-0.0792914	12.684	-38.994	-1320.076	0.1007496	0	Stray Markers	448004	1	OK	1.0000000	0.0000000	0.0000000	0.0000000	0.000	0.000	0.000	0.0000000	1	OK	71.301	-23.745	-1238.224
2	Port 2: NDI 8700340  s/n:34802401	448007	1	OK	0.8173121	-0.0090971	-0.5704502	-0.0806525	12.722	-39.039	-1319.978	0.1130877	0	Stray Markers	448007	1	OK	1.0000000	0.0000000	0.0000000	0.0000000	0.000	0.000	0.000	0.0000000	1	OK	71.306	-23.726	-1238.208
2	Port 2: NDI 8700340  s/n:34802401	448010	1	OK	0.8174066	-0.0096475	-0.5700731	-0.0822797	12.664	-39.042	-1320.092	0.1180868	0	Stray Markers	448010	1	OK	1.0000000	0.0000000	0.0000000	0.0000000	0.000	0.000	0.000	0.0000000	1	OK	71.310	-23.742	-1238.204
2	Port 2: NDI 8700340  s/n:34802401	448013	1	OK	0.8164307	-0.0099376	-0.5712177	-0.0839792	12.732	-39.058	-1319.941	0.1203542	0	Stray Markers	448013	1	OK	1.0000000	0.0000000	0.0000000	0.0000000	0.000	0.000	0.000	0.0000000	1	OK	71.305	-23.757	-1238.238
2	Port 2: NDI 8700340  s/n:34802401	448016	1	OK	0.8150747	-0.0093777	-0.5726899	-0.0871296	12.710	-39.020	-1320.004	0.1071305	0	Stray Markers	448016	1	OK	1.0000000	0.0000000	0.0000000	0.0000000	0.000	0.000	0.000	0.0000000	1	OK	71.323	-23.772	-1238.313
2	Port 2: NDI 8700340  s/n:34802401	448019	1	OK	0.8134611	-0.0103862	-0.5746333	-0.0892730	12.724	-39.046	-1319.983	0.1053179	0	Stray Markers	448019	1	OK	1.0000000	0.0000000	0.0000000	0.0000000	0.000	0.000	0.000	0.0000000	1	OK	71.322	-23.777	-1238.329
2	Port 2: NDI 8700340  s/n:34802401	448022	1	OK	0.8116144	-0.0109659	-0.5767323	-0.0924217	12.699	-39.043	-1320.031	0.1143697	0	Stray Markers	448022	1	OK	1.0000000	0.0000000	0.0000000	0.0000000	0.000	0.000	0.000	0.0000000	1	OK	71.329	-23.786	-1238.411
2	Port 2: NDI 8700340  s/n:34802401	448025	1	OK	0.8090620	-0.0111601	-0.5796753	-0.0962847	12.700	-39.029	-1320.031	0.1061490	0	Stray Markers	448025	1	OK	1.0000000	0.0000000	0.0000000	0.0000000	0.000	0.000	0.000	0.0000000	1	OK	71.344	-23.817	-1238.432
2	Port 2: NDI 8700340  s/n:34802401	448028	1	OK	0.8069345	-0.0120613	-0.5822391	-0.0985337	12.720	-39.045	-1320.006	0.1152684	0	Stray Markers	448028	1	OK	1.0000000	0.0000000	0.0000000	0.0000000	0.000	0.000	0.000	0.0000000	1	OK	71.354	-23.826	-1238.538
2	Port 2: NDI 8700340  s/n:34802401	448031	1	OK	0.8060847	-0.0123148	-0.5830917	-0.1003983	12.724	-39.030	-1319.995	0.1099725	0	Stray Markers	448031	1	OK	1.0000000	0.0000000	0.0000000	0.0000000	0.000	0.000	0.000	0.0000000	1	OK	71.355	-23.825	-1238.499
2	Port 2: NDI 8700340  s/n:34802401	448034	1	OK	0.8063668	-0.0133412	-0.5824352	-0.1018033	12.722	-39.062	-1319.970	0.1124999	0	Stray Markers	448034	1	OK	1.0000000	0.0000000	0.0000000	0.0000000	0.000	0.000	0.000	0.0000000	1	OK	71.350	-23.827	-1238.437
2	Port 2: NDI 8700340  s/n:34802401	448037	1	OK	0.8070526	-0.0157953	-0.5810870	-0.1037041	12.707	-39.062	-1320.010	0.1103159	0	Stray Markers	448037	1	OK	1.0000000	0.0000000	0.0000000	0.0000000	0.000	0.000	0.000	0.0000000	1	OK	71.340	-23.809	-1238.448
2	Port 2: NDI 8700340  s/n:34802401	448040	1	OK	0.8071605	-0.0192164	-0.5803825	-0.1062014	12.687	-39.025	-1320.038	0.1234393	0	Stray Markers	448040	1	OK	1.0000000	0.0000000	0.0000000	0.0000000	0.000	0.000	0.000	0.0000000	1	OK	71.361	-23.852	-1238.584
2	Port 2: NDI 8700340  s/n:34802401	448043	1	OK	0.8062070	-0.0212881	-0.5811073	-0.1090477	12.693	-38.596	-1320.063	0.1246465	0	Stray Markers	448043	1	OK	1.0000000	0.0000000	0.0000000	0.0000000	0.000	0.000	0.000	0.0000000	1	OK	71.405	-23.944	-1238.935
2	Port 2: NDI 8700340  s/n:34802401	448046	1	OK	0.8043248	-0.0236837	-0.5825137	-0.1147974	12.674	-38.552	-1320.087	0.1166603	0	Stray Markers	448046	1	OK	1.0000000	0.0000000	0.0000000	0.0000000	0.000	0.000	0.000	0.0000000	1	OK	71.411	-23.967	-1239.010
2	Port 2: NDI 8700340  s/n:34802401	448049	1	OK	0.8020113	-0.0284395	-0.5845529	-0.1194446	12.700	-38.550	-1319.999	0.1290914	0	Stray Markers	448049	1	OK	1.0000000	0.0000000	0.0000000	0.0000000	0.000	0.000	0.000	0.0000000	1	OK	71.414	-23.970	-1239.028
2	Port 2: NDI 8700340  s/n:34802401	448052	1	OK	0.7992802	-0.0331952	-0.5870786	-0.1240483	12.644	-38.340	-1320.059	0.1215971	0	Stray Markers	448052	1	OK	1.0000000	0.0000000	0.0000000	0.0000000	0.000	0.000	0.000	0.0000000	1	OK	71.448	-24.063	-1239.322
2	Port 2: NDI 8700340  s/n:34802401	448055	1	OK	0.7971359	-0.0338215	-0.5897710	-0.1249024	12.531	-36.519	-1320.052	0.1216383	0	Stray Markers	448055	1	OK	1.0000000	0.0000000	0.0000000	0.0000000	0.000	0.000	0.000	0.0000000	1	OK	71.444	-24.048	-1239.235
2	Port 2: NDI 8700340  s/n:34802401	448058	1	OK	0.7953933	-0.0335854	-0.5918486	-0.1262409	12.406	-34.932	-1320.078	0.1260442	0	Stray Markers	448058	1	OK	1.0000000	0.0000000	0.0000000	0.0000000	0.000	0.000	0.000	0.0000000	1	OK	71.439	-24.026	-1239.167
2	Port 2: NDI 8700340  s/n:34802401	448061	1	OK	0.7951243	-0.0338676	-0.5921950	-0.1262351	12.262	-33.440	-1320.201	0.1204738	0	Stray Markers	448061	1	OK	1.0000000	0.0000000	0.0000000	0.0000000	0.000	0.000	0.000	0.0000000	1	OK	71.445	-24.052	-1239.307
2	Port 2: NDI 8700340  s/n:34802401	448064	1	OK	0.7961220	-0.0351644	-0.5906326	-0.1269108	12.198	-32.434	-1320.174	0.1234269	0	Stray Markers	448064	1	OK	1.0000000	0.0000000	0.0000000	0.0000000	0.000	0.000	0.000	0.0000000	1	OK	71.442	-24.054	-1239.339
2	Port 2: NDI 8700340  s/n:34802401	448067	1	OK	0.7976063	-0.0382456	-0.5879040	-0.1293459	12.146	-32.367	-1320.307	0.1279630	0	Stray Markers	448067	1	OK	1.0000000	0.0000000	0.0000000	0.0000000	0.000	0.000	0.000	0.0000000	1	OK	71.422	-24.003	-1239.151
2	Port 2: NDI 8700340  s/n:34802401	448070	1	OK	0.7986970	-0.0404970	-0.5858724	-0.1311357	12.144	-32.013	-1320.173	0.1206255	0	Stray Markers	448070	1	OK	1.0000000	0.0000000	0.0000000	0.0000000	0.000	0.000	0.000	0.0000000	1	OK	71.441	-24.059	-1239.305
2	Port 2: NDI 8700340  s/n:34802401	448073	1	OK	0.7992158	-0.0423455	-0.5846417	-0.1328722	12.124	-31.526	-1320.188	0.1230496	0	Stray Markers	448073	1	OK	1.0000000	0.0000000	0.0000000	0.0000000	0.000	0.000	0.000	0.0000000	1	OK	71.463	-24.102	-1239.521
2	Port 2: NDI 8700340  s/n:34802401	448076	1	OK	0.7990000	-0.0441107	-0.5845163	-0.1341419	12.105	-30.978	-1320.191	0.1363458	0	Stray Markers	448076	1	OK	1.0000000	0.0000000	0.0000000	0.0000000	0.000	0.000	0.000	0.0000000	1	OK	71.437	-24.025	-1239.319
2	Port 2: NDI 8700340  s/n:34802401	448079	1	OK	0.7979301	-0.0454901	-0.5854353	-0.1360284	12.030	-30.459	-1320.207	0.1286120	0	Stray Markers	448079	1	OK	1.0000000	0.0000000	0.0000000	0.0000000	0.000	0.000	0.000	0.0000000	1	OK	71.441	-24.070	-1239.430
2	Port 2: NDI 8700340  s/n:34802401	448082	1	OK	0.7965234	-0.0459123	-0.5868627	-0.1379665	11.937	-29.653	-1320.252	0.1361760	0	Stray Markers	448082	1	OK	1.0000000	0.0000000	0.0000000	0.0000000	0.000	0.000	0.000	0.0000000	1	OK	71.440	-24.067	-1239.365
2	Port 2: NDI 8700340  s/n:34802401	448085	1	OK	0.7953613	-0.0445287	-0.5882859	-0.1390587	11.867	-28.228	-1320.246	0.1354916	0	Stray Markers	448085	1	OK	1.0000000	0.0000000	0.0000000	0.0000000	0.000	0.000	0.000	0.0000000	1	OK	71.438	-24.071	-1239.426
2	Port 2: NDI 8700340  s/n:34802401	448088	1	OK	0.7945427	-0.0457142	-0.5891557	-0.1396699	11.802	-27.491	-1320.289	0.1308153	0	Stray Markers	448088	1	OK	1.0000000	0.0000000	0.0000000	0.0000000	0.000	0.000	0.000	0.0000000	1	OK	71.451	-24.112	-1239.590
2	Port 2: NDI 8700340  s/n:34802401	448091	1	OK	0.7946185	-0.0459633	-0.5889902	-0.1398545	11.706	-26.151	-1320.305	0.1231126	0	Stray Markers	448091	1	OK	1.0000000	0.0000000	0.0000000	0.0000000	0.000	0.000	0.000	0.0000000	1	OK	71.444	-24.090	-1239.510
2	Port 2: NDI 8700340  s/n:34802401	448094	1	OK	0.7952683	-0.0466783	-0.5880638	-0.1398227	11.576	-24.546	-1320.323	0.1176178	0	Stray Markers	448094	1	OK	1.0000000	0.0000000	0.0000000	0.0000000	0.000	0.000	0.000	0.0000000	1	OK	71.448	-24.110	-1239.601
2	Port 2: NDI 8700340  s/n:34802401	448097	1	OK	0.7955602	-0.0485796	-0.5871996	-0.1411405	11.509	-23.452	-1320.292	0.1284714	0	Stray Markers	448097	1	OK	1.0000000	0.0000000	0.0000000	0.0000000	0.000	0.000	0.000	0.0000000	1	OK	71.435	-24.102	-1239.575
2	Port 2: NDI 8700340  s/n:34802401	448100	1	OK	0.7961757	-0.0479278	-0.5862398	-0.1418809	11.353	-21.584	-1320.411	0.1153292	0	Stray Markers	448100	1	OK	1.0000000	0.0000000	0.0000000	0.0000000	0.000	0.000	0.000	0.0000000	1	OK	71.438	-24.091	-1239.574
2	Port 2: NDI 8700340  s/n:34802401	448103	1	OK	0.7959542	-0.0488814	-0.5862939	-0.1425730	11.220	-20.249	-1320.447	0.1215914	0	Stray Markers	448103	1	OK	1.0000000	0.0000000	0.0000000	0.0000000	0.000	0.000	0.000	0.0000000	1	OK	71.444	-24.123	-1239.634
2	Port 2: NDI 8700340  s/n:34802401	448106	1	OK	0.7951564	-0.0497957	-0.5869696	-0.1439218	11.139	-19.194	-1320.480	0.1232792	0	Stray Markers	448106	1	OK	1.0000000	0.0000000	0.0000000	0.0000000	0.000	0.000	0.000	0.0000000	1	OK	71.415	-24.058	-1239.372
2	Port 2: NDI 8700340  s/n:34802401	448109	1	OK	0.7937710	-0.0510492	-0.5881218	-0.1464046	11.127	-18.701	-1320.481	0.1280596	0	Stray Markers	448109	1	OK	1.0000000	0.0000000	0.0000000	0.0000000	0.000	0.000	0.000	0.0000000	1	OK	71.440	-24.130	-1239.643
2	Port 2: NDI 8700340  s/n:34802401	448112	1	OK	0.7922285	-0.0519086	-0.5894658	-0.1490287	11.106	-18.239	-1320.422	0.1152043	0	Stray Markers	448112	1	OK	1.0000000	0.0000000	0.0000000	0.0000000	0.000	0.000	0.000	0.0000000	1	OK	71.430	-24.082	-1239.491
2	Port 2: NDI 8700340  s/n:34802401	448115	1	OK	0.7913588	-0.0529818	-0.5902032	-0.1503476	11.036	-17.457	-1320.521	0.1277330	0	Stray Markers	448115	1	OK	1.0000000	0.0000000	0.0000000	0.0000000	0.000	0.000	0.000	0.0000000	1	OK	71.445	-24.115	-1239.584
2	Port 2: NDI 8700340  s/n:34802401	448118	1	OK	0.7893460	-0.0548317	-0.5918417	-0.1537848	11.048	-17.422	-1320.515	0.1373666	0	Stray Markers	448118	1	OK	1.0000000	0.0000000	0.0000000	0.0000000	0.000	0.000	0.000	0.0000000	1	OK	71.428	-24.094	-1239.498
2	Port 2: NDI 8700340  s/n:34802401	448121	1	OK	0.7874017	-0.0570043	-0.5935494	-0.1563590	11.032	-17.393	-1320.559	0.1260268	0	Stray Markers	448121	1	OK	1.0000000	0.0000000	0.0000000	0.0000000	0.000	0.000	0.000	0.0000000	1	OK	71.438	-24.113	-1239.554
2	Port 2: NDI 8700340  s/n:34802401	448124	1	OK	0.7861780	-0.0573229	-0.5947211	-0.1579400	10.992	-16.778	-1320.615	0.1224549	0	Stray Markers	448124	1	OK	1.0000000	0.0000000	0.0000000	0.0000000	0.000	0.000	0.000	0.0000000	1	OK	71.441	-24.132	-1239.672
2	Port 2: NDI 8700340  s/n:34802401	448127	1	OK	0.7858484	-0.0561366	-0.5951450	-0.1584086	10.903	-15.637	-1320.517	0.1346665	0	Stray Markers	448127	1	OK	1.0000000	0.0000000	0.0000000	0.0000000	0.000	0.000	0.000	0.0000000	1	OK	71.430	-24.095	-1239.574
2	Port 2: NDI 8700340  s/n:34802401	448130	1	OK	0.7860483	-0.0565972	-0.5947067	-0.1588985	10.805	-14.948	-1320.611	0.1138510	0	Stray Markers	448130	1	OK	1.0000000	0.0000000	0.0000000	0.0000000	0.000	0.000	0.000	0.0000000	1	OK	71.411	-24.055	-1239.386
2	Port 2: NDI 8700340  s/n:34802401	448133	1	OK	0.7859908	-0.0588030	-0.5942171	-0.1602087	10.757	-14.915	-1320.714	0.1194072	0	Stray Markers	448133	1	OK	1.0000000	0.0000000	0.0000000	0.0000000	0.000	0.000	0.000	0.0000000	1	OK	71.374	-24.001	-1239.192
2	Port 2: NDI 8700340  s/n:34802401	448136	1	OK	0.7861682	-0.0598525	-0.5937829	-0.1605584	10.705	-14.245	-1320.672	0.1324452	0	Stray Markers	448136	1	OK	1.0000000	0.0000000	0.0000000	0.0000000	0.000	0.000	0.000	0.0000000	1	OK	71.367	-24.009	-1239.294
2	Port 2: NDI 8700340  s/n:34802401	448139	1	OK	0.7865602	-0.0598218	-0.5934098	-0.1600287	10.592	-12.859	-1320.594	0.1321002	0	Stray Markers	448139	1	OK	1.0000000	0.0000000	0.0000000	0.0000000	0.000	0.000	0.000	0.0000000	1	OK	71.329	-23.957	-1239.042
2	Port 2: NDI 8700340  s/n:34802401	448142	1	OK	0.7871821	-0.0600255	-0.5925128	-0.1602182	10.470	-11.475	-1320.653	0.1310260	0	Stray Markers	448142	1	OK	1.0000000	0.0000000	0.0000000	0.0000000	0.000	0.000	0.000	0.0000000	1	OK	71.308	-23.935	-1238.930
2	Port 2: NDI 8700340  s/n:34802401	448145	1	OK	0.7879681	-0.0614886	-0.5912644	-0.1604112	10.399	-10.397	-1320.675	0.1273132	0	Stray Markers	448145	1	OK	1.0000000	0.0000000	0.0000000	0.0000000	0.000	0.000	0.000	0.0000000	1	OK	71.282	-23.877	-1238.750
2	Port 2: NDI 8700340  s/n:34802401	448148	1	OK	0.7891265	-0.0628700	-0.5894801	-0.1607480	10.324	-9.677	-1320.677	0.1189827	0	Stray Markers	448148	1	OK	1.0000000	0.0000000	0.0000000	0.0000000	0.000	0.000	0.000	0.0000000	1	OK	71.279	-23.882	-1238.744
2	Port 2: NDI 8700340  s/n:34802401	448151	1	OK	0.7902229	-0.0646373	-0.5876576	-0.1613329	10.296	-9.251	-1320.719	0.1345293	0	Stray Markers	448151	1	OK	1.0000000	0.0000000	0.0000000	0.0000000	0.000	0.000	0.000	0.0000000	1	OK	71.267	-23.883	-1238.762
2	Port 2: NDI 8700340  s/n:34802401	448154	1	OK	0.7909238	-0.0656735	-0.5863257	-0.1623227	10.251	-8.554	-1320.647	0.1205687	0	Stray Markers	448154	1	OK	1.0000000	0.0000000	0.0000000	0.0000000	0.000	0.000	0.000	0.0000000	1	OK	71.248	-23.861	-1238.652
2	Port 2: NDI 8700340  s/n:34802401	448157	1	OK	0.7919504	-0.0657797	-0.5851764	-0.1614193	10.096	-7.036	-1320.794	0.1222040	0	Stray Markers	448157	1	OK	1.0000000	0.0000000	0.0000000	0.0000000	0.000	0.000	0.000	0.0000000	1	OK	71.249	-23.848	-1238.666
2	Port 2: NDI 8700340  s/n:34802401	448160	1	OK	0.7920250	-0.0647553	-0.5854297	-0.1605466	10.007	-5.295	-1320.759	0.1274089	0	Stray Markers	448160	1	OK	1.0000000	0.0000000	0.0000000	0.0000000	0.000	0.000	0.000	0.0000000	1	OK	71.251	-23.876	-1238.701
2	Port 2: NDI 8700340  s/n:34802401	448163	1	OK	0.7911753	-0.0645463	-0.5865419	-0.1607607	10.004	-4.230	-1320.653	0.1204588	0	Stray Markers	448163	1	OK	1.0000000	0.0000000	0.0000000	0.0000000	0.000	0.000	0.000	0.0000000	1	OK	71.222	-23.810	-1238.421
2	Port 2: NDI 8700340  s/n:34802401	448166	1	OK	0.7898663	-0.0658640	-0.5878006	-0.1620608	9.956	-3.558	-1320.722	0.1094944	0	Stray Markers	448166	1	OK	1.0000000	0.0000000	0.0000000	0.0000000	0.000	0.000	0.000	0.0000000	1	OK	71.238	-23.844	-1238.628
2	Port 2: NDI 8700340  s/n:34802401	448169	1	OK	0.7880785	-0.0674991	-0.5895402	-0.1637637	9.966	-3.057	-1320.672	0.1317788	0	Stray Markers	448169	1	OK	1.0000000	0.0000000	0.0000000	0.0000000	0.000	0.000	0.000	0.0000000	1	OK	71.213	-23.825	-1238.490
2	Port 2: NDI 8700340  s/n:34802401	448172	1	OK	0.7864117	-0.0704604	-0.5908937	-0.1656403	9.904	-3.020	-1320.823	0.1306189	0	Stray Markers	448172	1	OK	1.0000000	0.0000000	0.0000000	0.0000000	0.000	0.000	0.000	0.0000000	1	OK	71.213	-23.806	-1238.434
2	Port 2: NDI 8700340  s/n:34802401	448175	1	OK	0.7851594	-0.0716877	-0.5921571	-0.1665400	9.859	-2.424	-1320.815	0.1262269	0	Stray Markers	448175	1	OK	1.0000000	0.0000000	0.0000000	0.0000000	0.000	0.000	0.000	0.0000000	1	OK	71.225	-23.813	-1238.464
2	Port 2: NDI 8700340  s/n:34802401	448178	1	OK	0.7852603	-0.0698832	-0.5924163	-0.1659079	9.695	-0.763	-1320.886	0.1163146	0	Stray Markers	448178	1	OK	1.0000000	0.0000000	0.0000000	0.0000000	0.000	0.000	0.000	0.0000000	1	OK	71.211	-23.782	-1238.398
2	Port 2: NDI 8700340  s/n:34802401	448181	1	OK	0.7853759	-0.0712804	-0.5922134	-0.1654908	9.607	0.031	-1320.875	0.1130371	0	Stray Markers	448181	1	OK	1.0000000	0.0000000	0.0000000	0.0000000	0.000	0.000	0.000	0.0000000	1	OK	71.203	-23.776	-1238.405
2	Port 2: NDI 8700340  s/n:34802401	448184	1	OK	0.7858482	-0.0720376	-0.5913228	-0.1661038	9.541	0.810	-1320.925	0.1096689	0	Stray Markers	448184	1	OK	1.0000000	0.0000000	0.0000000	0.0000000	0.000	0.000	0.000	0.0000000	1	OK	71.232	-23.815	-1238.592
2	Port 2: NDI 8700340  s/n:34802401	448187	1	OK	0.7869633	-0.0733188	-0.5898535	-0.1654873	9.481	1.619	-1320.991	0.1082766	0	Stray Markers	448187	1	OK	1.0000000	0.0000000	0.0000000	0.0000000	0.000	0.000	0.000	0.0000000	1	OK	71.249	-23.848	-1238.722
2	Port 2: NDI 8700340  s/n:34802401	448190	1	OK	0.7884704	-0.0739317	-0.5878508	-0.1651665	9.366	2.517	-1321.047	0.1112312	0	Stray Markers	448190	1	OK	1.0000000	0.0000000	0.0000000	0.0000000	0.000	0.000	0.000	0.0000000	1	OK	71.229	-23.805	-1238.475
2	Port 2: NDI 8700340  s/n:34802401	448193	1	OK	0.7892991	-0.0755180	-0.5864729	-0.1653889	9.389	2.753	-1320.973	0.1231983	0	Stray Markers	448193	1	OK	1.0000000	0.0000000	0.0000000	0.0000000	0.000	0.000	0.000	0.0000000	1	OK	71.245	-23.816	-1238.572
2	Port 2: NDI 8700340  s/n:34802401	448196	1	OK	0.7894588	-0.0769330	-0.5859262	-0.1659111	9.377	2.741	-1321.005	0.1285583	0	Stray Markers	448196	1	OK	1.0000000	0.0000000	0.0000000	0.0000000	0.000	0.000	0.000	0.0000000	1	OK	71.258	-23.836	-1238.621
2	Port 2: NDI 8700340  s/n:34802401	448199	1	OK	0.7887723	-0.0781175	-0.5864678	-0.1667077	9.387	2.732	-1320.992	0.1330869	0	Stray Markers	448199	1	OK	1.0000000	0.0000000	0.0000000	0.0000000	0.000	0.000	0.000	0.0000000	1	OK	71.270	-23.868	-1238.697
2	Port 2: NDI 8700340  s/n:34802401	448202	1	OK	0.7882178	-0.0779205	-0.5870910	-0.1672278	9.352	3.267	-1320.976	0.1173118	0	Stray Markers	448202	1	OK	1.0000000	0.0000000	0.0000000	0.0000000	0.000	0.000	0.000	0.0000000	1	OK	71.270	-23.854	-1238.716
2	Port 2: NDI 8700340  s/n:34802401	448205	1	OK	0.7888020	-0.0766668	-0.5869171	-0.1656561	9.219	4.434	-1321.081	0.1228226	0	Stray Markers	448205	1	OK	1.0000000	0.0000000	0.0000000	0.0000000	0.000	0.000	0.000	0.0000000	1	OK	71.278	-23.860	-1238.739
2	Port 2: NDI 8700340  s/n:34802401	448208	1	OK	0.7888374	-0.0763296	-0.5868434	-0.1659040	9.161	5.147	-1321.106	0.1157582	0	Stray Markers	448208	1	OK	1.0000000	0.0000000	0.0000000	0.0000000	0.000	0.000	0.000	0.0000000	1	OK	71.281	-23.847	-1238.743
2	Port 2: NDI 8700340  s/n:34802401	448211	1	OK	0.7892351	-0.0768022	-0.5863889	-0.1654007	9.114	5.976	-1321.084	0.1165212	0	Stray Markers	448211	1	OK	1.0000000	0.0000000	0.0000000	0.0000000	0.000	0.000	0.000	0.0000000	1	OK	71.264	-23.838	-1238.662
2	Port 2: NDI 8700340  s/n:34802401	448214	1	OK	0.7903853	-0.0757911	-0.5853803	-0.1639413	8.973	7.438	-1321.119	0.1225309	0	Stray Markers	448214	1	OK	1.0000000	0.0000000	0.0000000	0.0000000	0.000	0.000	0.000	0.0000000	1	OK	71.265	-23.835	-1238.642
2	Port 2: NDI 8700340  s/n:34802401	448217	1	OK	0.7909785	-0.0759253	-0.5844817	-0.1642242	8.905	8.244	-1321.214	0.1127238	0	Stray Markers	448217	1	OK	1.0000000	0.0000000	0.0000000	0.0000000	0.000	0.000	0.000	0.0000000	1	OK	71.270	-23.851	-1238.616
2	Port 2: NDI 8700340  s/n:34802401	448220	1	OK	0.7916915	-0.0759075	-0.5838559	-0.1630182	8.827	9.230	-1321.217	0.1161366	0	Stray Markers	448220	1	OK	1.0000000	0.0000000	0.0000000	0.0000000	0.000	0.000	0.000	0.0000000	1	OK	71.276	-23.848	-1238.692
2	Port 2: NDI 8700340  s/n:34802401	448223	1	OK	0.7922105	-0.0756233	-0.5833474	-0.1624486	8.787	10.137	-1321.184	0.1282922	0	Stray Markers	448223	1	OK	1.0000000	0.0000000	0.0000000	0.0000000	0.000	0.000	0.000	0.0000000	1	OK	71.268	-23.824	-1238.592
2	Port 2: NDI 8700340  s/n:34802401	448226	1	OK	0.7922805	-0.0760940	-0.5829754	-0.1632207	8.726	10.583	-1321.277	0.1225379	0	Stray Markers	448226	1	OK	1.0000000	0.0000000	0.0000000	0.0000000	0.000	0.000	0.000	0.0000000	1	OK	71.273	-23.842	-1238.686
2	Port 2: NDI 8700340  s/n:34802401	448229	1	OK	0.7925440	-0.0753281	-0.5829068	-0.1625401	8.679	11.543	-1321.209	0.1267620	0	Stray Markers	448229	1	OK	1.0000000	0.0000000	0.0000000	0.0000000	0.000	0.000	0.000	0.0000000	1	OK	71.272	-23.833	-1238.678
2	Port 2: NDI 8700340  s/n:34802401	448232	1	OK	0.7930942	-0.0741404	-0.5827129	-0.1610913	8.596	12.778	-1321.295	0.1290204	0	Stray Markers	448232	1	OK	1.0000000	0.0000000	0.0000000	0.0000000	0.000	0.000	0.000	0.0000000	1	OK	71.270	-23.812	-1238.648
2	Port 2: NDI 8700340  s/n:34802401	448235	1	OK	0.7930342	-0.0738370	-0.5827388	-0.1614323	8.493	13.517	-1321.342	0.1155696	0	Stray Markers	448235	1	OK	1.0000000	0.0000000	0.0000000	0.0000000	0.000	0.000	0.000	0.0000000	1	OK	71.267	-23.815	-1238.626
2	Port 2: NDI 8700340  s/n:34802401	448238	1	OK	0.7928325	-0.0741443	-0.5831231	-0.1608933	8.450	14.359	-1321.311	0.1185170	0	Stray Markers	448238	1	OK	1.0000000	0.0000000	0.0000000	0.0000000	0.000	0.000	0.000	0.0000000	1	OK	71.271	-23.814	-1238.590
2	Port 2: NDI 8700340  s/n:34802401	448241	1	OK	0.7925716	-0.0737421	-0.5835551	-0.1607975	8.361	15.323	-1321.346	0.1303163	0	Stray Markers	448241	1	OK	1.0000000	0.0000000	0.0000000	0.0000000	0.000	0.000	0.000	0.0000000	1	OK	71.256	-23.811	-1238.517
2	Port 2: NDI 8700340  s/n:34802401	448244	1	OK	0.7921291	-0.0739195	-0.5841311	-0.1608053	8.316	16.159	-1321.357	0.1326134	0	Stray Markers	448244	1	OK	1.0000000	0.0000000	0.0000000	0.0000000	0.000	0.000	0.000	0.0000000	1	OK	71.261	-23.813	-1238.545
2	Port 2: NDI 8700340  s/n:34802401	448247	1	OK	0.7915181	-0.0734031	-0.5848201	-0.1615441	8.279	17.054	-1321.355	0.1361821	0	Stray Markers	448247	1	OK	1.0000000	0.0000000	0.0000000	0.0000000	0.000	0.000	0.000	0.0000000	1	OK	71.284	-23.844	-1238.729
2	Port 2: NDI 8700340  s/n:34802401	448250	1	OK	0.7912945	-0.0736970	-0.5852361	-0.1609982	8.199	17.994	-1321.354	0.1239614	0	Stray Markers	448250	1	OK	1.0000000	0.0000000	0.0000000	0.0000000	0.000	0.000	0.000	0.0000000	1	OK	71.261	-23.802	-1238.601
2	Port 2: NDI 8700340  s/n:34802401	448253	1	OK	0.7910704	-0.0726959	-0.5855910	-0.1612642	8.088	19.211	-1321.450	0.1270942	0	Stray Markers	448253	1	OK	1.0000000	0.0000000	0.0000000	0.0000000	0.000	0.000	0.000	0.0000000	1	OK	71.269	-23.817	-1238.605
2	Port 2: NDI 8700340  s/n:34802401	448256	1	OK	0.7910091	-0.0728531	-0.5859034	-0.1603565	8.026	20.370	-1321.420	0.1270391	0	Stray Markers	448256	1	OK	1.0000000	0.0000000	0.0000000	0.0000000	0.000	0.000	0.000	0.0000000	1	OK	71.258	-23.795	-1238.531
2	Port 2: NDI 8700340  s/n:34802401	448259	1	OK	0.7911916	-0.0724700	-0.5857529	-0.1601798	7.922	21.565	-1321.445	0.1217880	0	Stray Markers	448259	1	OK	1.0000000	0.0000000	0.0000000	0.0000000	0.000	0.000	0.000	0.0000000	1	OK	71.263	-23.802	-1238.606
2	Port 2: NDI 8700340  s/n:34802401	448262	1	OK	0.7915835	-0.0728318	-0.5852368	-0.1599658	7.844	22.507	-1321.486	0.1285049	0	Stray Markers	448262	1	OK	1.0000000	0.0000000	0.0000000	0.0000000	0.000	0.000	0.000	0.0000000	1	OK	71.250	-23.778	-1238.523
2	Port 2: NDI 8700340  s/n:34802401	448265	1	OK	0.7923545	-0.0723061	-0.5845752	-0.1588019	7.745	23.783	-1321.496	0.1213758	0	Stray Markers	448265	1	OK	1.0000000	0.0000000	0.0000000	0.0000000	0.000	0.000	0.000	0.0000000	1	OK	71.253	-23.786	-1238.512
2	Port 2: NDI 8700340  s/n:34802401	448268	1	OK	0.7928373	-0.0715080	-0.5840004	-0.1588683	7.654	24.938	-1321.518	0.1255517	0	Stray Markers	448268	1	OK	1.0000000	0.0000000	0.0000000	0.0000000	0.000	0.000	0.000	0.0000000	1	OK	71.260	-23.797	-1238.571
2	Port 2: NDI 8700340  s/n:34802401	448271	1	OK	0.7933028	-0.0720900	-0.5833727	-0.1585877	7.614	25.741	-1321.483	0.1250195	0	Stray Markers	448271	1	OK	1.0000000	0.0000000	0.0000000	0.0000000	0.000	0.000	0.000	0.0000000	1	OK	71.259	-23.802	-1238.557
2	Port 2: NDI 8700340  s/n:34802401	448274	1	OK	0.7935581	-0.0730287	-0.5828046	-0.1589689	7.580	26.241	-1321.498	0.1359119	0	Stray Markers	448274	1	OK	1.0000000	0.0000000	0.0000000	0.0000000	0.000	0.000	0.000	0.0000000	1	OK	71.267	-23.815	-1238.623
2	Port 2: NDI 8700340  s/n:34802401	448277	1	OK	0.7935596	-0.0732742	-0.5826275	-0.1594968	7.541	26.812	-1321.521	0.1287770	0	Stray Markers	448277	1	OK	1.0000000	0.0000000	0.0000000	0.0000000	0.000	0.000	0.000	0.0000000	1	OK	71.269	-23.798	-1238.603
2	Port 2: NDI 8700340  s/n:34802401	448280	1	OK	0.7934472	-0.0739860	-0.5828007	-0.1590939	7.479	27.414	-1321.563	0.1290368	0	Stray Markers	448280	1	OK	1.0000000	0.0000000	0.0000000	0.0000000	0.000	0.000	0.000	0.0000000	1	OK	71.262	-23.792	-1238.551
2	Port 2: NDI 8700340  s/n:34802401	448283	1	OK	0.7933128	-0.0736073	-0.5831020	-0.1588354	7.442	28.298	-1321.513	0.1343945	0	Stray Markers	448283	1	OK	1.0000000	0.0000000	0.0000000	0.0000000	0.000	0.000	0.000	0.0000000	1	OK	71.249	-23.773	-1238.515
2	Port 2: NDI 8700340  s/n:34802401	448286	1	OK	0.7935000	-0.0733815	-0.5831709	-0.1577488	7.376	29.376	-1321.539	0.1215420	0	Stray Markers	448286	1	OK	1.0000000	0.0000000	0.0000000	0.0000000	0.000	0.000	0.000	0.0000000	1	OK	71.255	-23.780	-1238.514
2	Port 2: NDI 8700340  s/n:34802401	448289	1	OK	0.7932236	-0.0731586	-0.5834386	-0.1582514	7.318	30.103	-1321.577	0.1288369	0	Stray Markers	448289	1	OK	1.0000000	0.0000000	0.0000000	0.0000000	0.000	0.000	0.000	0.0000000	1	OK	71.241	-23.771	-1238.474
2	Port 2: NDI 8700340  s/n:34802401	448292	1	OK	0.7929972	-0.0736719	-0.5836505	-0.1583669	7.252	30.673	-1321.618	0.1300680	0	Stray Markers	448292	1	OK	1.0000000	0.0000000	0.0000000	0.0000000	0.000	0.000	0.000	0.0000000	1	OK	71.239	-23.755	-1238.452
2	Port 2: NDI 8700340  s/n:34802401	448295	1	OK	0.7931196	-0.0740143	-0.5835338	-0.1580238	7.190	31.406	-1321.639	0.1238566	0	Stray Markers	448295	1	OK	1.0000000	0.0000000	0.0000000	0.0000000	0.000	0.000	0.000	0.0000000	1	OK	71.241	-23.755	-1238.432
2	Port 2: NDI 8700340  s/n:34802401	448298	1	OK	0.7933953	-0.0739379	-0.5833062	-0.1575151	7.132	32.348	-1321.630	0.1253919	0	Stray Markers	448298	1	OK	1.0000000	0.0000000	0.0000000	0.0000000	0.000	0.000	0.000	0.0000000	1	OK	71.252	-23.781	-1238.507
2	Port 2: NDI 8700340  s/n:34802401	448301	1	OK	0.7936694	-0.0735666	-0.5830613	-0.1572143	7.064	33.297	-1321.669	0.1295363	0	Stray Markers	448301	1	OK	1.0000000	0.0000000	0.0000000	0.0000000	0.000	0.000	0.000	0.0000000	1	OK	71.247	-23.774	-1238.481
2	Port 2: NDI 8700340  s/n:34802401	448304	1	OK	0.7937340	-0.0737406	-0.5828311	-0.1576596	7.028	33.983	-1321.677	0.1334115	0	Stray Markers	448304	1	OK	1.0000000	0.0000000	0.0000000	0.0000000	0.000	0.000	0.000	0.0000000	1	OK	71.248	-23.781	-1238.532
2	Port 2: NDI 8700340  s/n:34802401	448307	1	OK	0.7939142	-0.0743060	-0.5824910	-0.1577437	6.945	34.616	-1321.740	0.1335087	0	Stray Markers	448307	1	OK	1.0000000	0.0000000	0.0000000	0.0000000	0.000	0.000	0.000	0.0000000	1	OK	71.240	-23.758	-1238.489
2	Port 2: NDI 8700340  s/n:34802401	448310	1	OK	0.7938224	-0.0737529	-0.5826808	-0.1577644	6.893	35.377	-1321.739	0.1307613	0	Stray Markers	448310	1	OK	1.0000000	0.0000000	0.0000000	0.0000000	0.000	0.000	0.000	0.0000000	1	OK	71.242	-23.757	-1238.425
2	Port 2: NDI 8700340  s/n:34802401	448313	1	OK	0.7935574	-0.0723213	-0.5832912	-0.1575047	6.831	36.259	-1321.812	0.1259127	0	Stray Markers	448313	1	OK	1.0000000	0.0000000	0.0000000	0.0000000	0.000	0.000	0.000	0.0000000	1	OK	71.255	-23.777	-1238.536
2	Port 2: NDI 8700340  s/n:34802401	448316	1	OK	0.7931192	-0.0726986	-0.5839763	-0.1569984	6.812	36.745	-1321.779	0.1323121	0	Stray Markers	448316	1	OK	1.0000000	0.0000000	0.0000000	0.0000000	0.000	0.000	0.000	0.0000000	1	OK	71.243	-23.762	-1238.471
2	Port 2: NDI 8700340  s/n:34802401	448319	1	OK	0.7927961	-0.0730008	-0.5845226	-0.1564560	6.782	37.334	-1321.737	0.1295211	0	Stray Markers	448319	1	OK	1.0000000	0.0000000	0.0000000	0.0000000	0.000	0.000	0.000	0.0000000	1	OK	71.246	-23.759	-1238.482
2	Port 2: NDI 8700340  s/n:34802401	448322	1	OK	0.7927723	-0.0721346	-0.5846618	-0.1564582	6.701	38.234	-1321.755	0.1431605	0	Stray Markers	448322	1	OK	1.0000000	0.0000000	0.0000000	0.0000000	0.000	0.000	0.000	0.0000000	1	OK	71.239	-23.743	-1238.448
2	Port 2: NDI 8700340  s/n:34802401	448325	1	OK	0.7937349	-0.0713612	-0.5840015	-0.1543853	6.549	39.570	-1321.817	0.1351719	0	Stray Markers	448325	1	OK	1.0000000	0.0000000	0.0000000	0.0000000	0.000	0.000	0.000	0.0000000	1	OK	71.235	-23.737	-1238.402
2	Port 2: NDI 8700340  s/n:34802401	448328	1	OK	0.7940953	-0.0709997	-0.5834941	-0.1546171	6.509	40.442	-1321.806	0.1307427	0	Stray Markers	448328	1	OK	1.0000000	0.0000000	0.0000000	0.0000000	0.000	0.000	0.000	0.0000000	1	OK	71.243	-23.749	-1238.468
2	Port 2: NDI 8700340  s/n:34802401	448331	1	OK	0.7948772	-0.0708277	-0.5826554	-0.1538389	6.458	41.443	-1321.793	0.1352359	0	Stray Markers	448331	1	OK	1.0000000	0.0000000	0.0000000	0.0000000	0.000	0.000	0.000	0.0000000	1	OK	71.234	-23.728	-1238.432
2	Port 2: NDI 8700340  s/n:34802401	448334	1	OK	0.7958697	-0.0703392	-0.5816123	-0.1528757	6.342	42.546	-1321.910	0.1395433	0	Stray Markers	448334	1	OK	1.0000000	0.0000000	0.0000000	0.0000000	0.000	0.000	0.000	0.0000000	1	OK	71.236	-23.734	-1238.433
2	Port 2: NDI 8700340  s/n:34802401	448337	1	OK	0.7961776	-0.0700020	-0.5812089	-0.1529610	6.274	43.300	-1321.919	0.1318237	0	Stray Markers	448337	1	OK	1.0000000	0.0000000	0.0000000	0.0000000	0.000	0.000	0.000	0.0000000	1	OK	71.232	-23.725	-1238.407
2	Port 2: NDI 8700340  s/n:34802401	448340	1	OK	0.7963957	-0.0695118	-0.5811500	-0.1522715	6.244	44.122	-1321.885	0.1489092	0	Stray Markers	448340	1	OK	1.0000000	0.0000000	0.0000000	0.0000000	0.000	0.000	0.000	0.0000000	1	OK	71.230	-23.736	-1238.364
2	Port 2: NDI 8700340  s/n:34802401	448343	1	OK	0.7965550	-0.0690012	-0.5811503	-0.1516687	6.138	44.814	-1321.976	0.1294224	0	Stray Markers	448343	1	OK	1.0000000	0.0000000	0.0000000	0.0000000	0.000	0.000	0.000	0.0000000	1	OK	71.225	-23.735	-1238.384
2	Port 2: NDI 8700340  s/n:34802401	448346	1	OK	0.7965717	-0.0682267	-0.5813927	-0.1510002	6.111	45.519	-1321.943	0.1332571	0	Stray Markers	448346	1	OK	1.0000000	0.0000000	0.0000000	0.0000000	0.000	0.000	0.000	0.0000000	1	OK	71.234	-23.723	-1238.372
2	Port 2: NDI 8700340  s/n:34802401	448349	1	OK	0.7969710	-0.0679345	-0.5812684	-0.1494965	6.053	46.358	-1322.010	0.1447849	0	Stray Markers	448349	1	OK	1.0000000	0.0000000	0.0000000	0.0000000	0.000	0.000	0.000	0.0000000	1	OK	71.223	-23.720	-1238.380
2	Port 2: NDI 8700340  s/n:34802401	448352	1	OK	0.7973828	-0.0677922	-0.5810587	-0.1481746	5.970	47.091	-1321.983	0.1374291	0	Stray Markers	448352	1	OK	1.0000000	0.0000000	0.0000000	0.0000000	0.000	0.000	0.000	0.0000000	1	OK	71.224	-23.709	-1238.361
2	Port 2: NDI 8700340  s/n:34802401	448355	1	OK	0.7978066	-0.0670212	-0.5807104	-0.1476083	5.925	47.827	-1321.974	0.1351825	0	Stray Markers	448355	1	OK	1.0000000	0.0000000	0.0000000	0.0000000	0.000	0.000	0.000	0.0000000	1	OK	71.227	-23.719	-1238.385
2	Port 2: NDI 8700340  s/n:34802401	448358	1	OK	0.7982461	-0.0663073	-0.5802661	-0.1473016	5.872	48.533	-1322.023	0.1407084	0	Stray Markers	448358	1	OK	1.0000000	0.0000000	0.0000000	0.0000000	0.000	0.000	0.000	0.0000000	1	OK	71.227	-23.719	-1238.374
2	Port 2: NDI 8700340  s/n:34802401	448361	1	OK	0.7986676	-0.0664211	-0.5800069	-0.1459803	5.837	49.140	-1321.948	0.1484634	0	Stray Markers	448361	1	OK	1.0000000	0.0000000	0.0000000	0.0000000	0.000	0.000	0.000	0.0000000	1	OK	71.227	-23.712	-1238.362
2	Port 2: NDI 8700340  s/n:34802401	448364	1	OK	0.7992855	-0.0650395	-0.5794558	-0.1454082	5.769	50.061	-1321.996	0.1329330	0	Stray Markers	448364	1	OK	1.0000000	0.0000000	0.0000000	0.0000000	0.000	0.000	0.000	0.0000000	1	OK	71.217	-23.713	-1238.334
2	Port 2: NDI 8700340  s/n:34802401	448367	1	OK	0.7998299	-0.0645070	-0.5787864	-0.1453179	5.724	50.750	-1322.005	0.1540009	0	Stray Markers	448367	1	OK	1.0000000	0.0000000	0.0000000	0.0000000	0.000	0.000	0.000	0.0000000	1	OK	71.222	-23.717	-1238.369
2	Port 2: NDI 8700340  s/n:34802401	448370	1	OK	0.8006661	-0.0649448	-0.5778551	-0.1442199	5.668	51.337	-1322.088	0.1480655	0	Stray Markers	448370	1	OK	1.0000000	0.0000000	0.0000000	0.0000000	0.000	0.000	0.000	0.0000000	1	OK	71.216	-23.698	-1238.276
2	Port 2: NDI 8700340  s/n:34802401	448373	1	OK	0.8012643	-0.0637492	-0.5773685	-0.1433780	5.574	52.183	-1322.104	0.1389732	0	Stray Markers	448373	1	OK	1.0000000	0.0000000	0.0000000	0.0000000	0.000	0.000	0.000	0.0000000	1	OK	71.219	-23.711	-1238.354
2	Port 2: NDI 8700340  s/n:34802401	448376	1	OK	0.8016511	-0.0618581	-0.5773072	-0.1422865	5.524	53.150	-1322.132	0.1376779	0	Stray Markers	448376	1	OK	1.0000000	0.0000000	0.0000000	0.0000000	0.000	0.000	0.000	0.0000000	1	OK	71.220	-23.708	-1238.379
2	Port 2: NDI 8700340  s/n:34802401	448379	1	OK	0.8017817	-0.0616544	-0.5774582	-0.1410211	5.498	53.602	-1322.101	0.1444106	0	Stray Markers	448379	1	OK	1.0000000	0.0000000	0.0000000	0.0000000	0.000	0.000	0.000	0.0000000	1	OK	71.220	-23.699	-1238.346
2	Port 2: NDI 8700340  s/n:34802401	448382	1	OK	0.8021039	-0.0602268	-0.5773832	-0.1401095	5.455	54.327	-1322.109	0.1344845	0	Stray Markers	448382	1	OK	1.0000000	0.0000000	0.0000000	0.0000000	0.000	0.000	0.000	0.0000000	1	OK	71.227	-23.696	-1238.350
2	Port 2: NDI 8700340  s/n:34802401	448385	1	OK	0.8022756	-0.0597271	-0.5772096	-0.1400556	5.442	54.693	-1322.063	0.1527504	0	Stray Markers	448385	1	OK	1.0000000	0.0000000	0.0000000	0.0000000	0.000	0.000	0.000	0.0000000	1	OK	71.209	-23.688	-1238.282
2	Port 2: NDI 8700340  s/n:34802401	448388	1	OK	0.8027831	-0.0583938	-0.5767956	-0.1394144	5.370	55.370	-1322.136	0.1373810	0	Stray Markers	448388	1	OK	1.0000000	0.0000000	0.0000000	0.0000000	0.000	0.000	0.000	0.0000000	1	OK	71.213	-23.690	-1238.306
2	Port 2: NDI 8700340  s/n:34802401	448391	1	OK	0.8035260	-0.0576768	-0.5762218	-0.1377959	5.293	56.053	-1322.204	0.1461663	0	Stray Markers	448391	1	OK	1.0000000	0.0000000	0.0000000	0.0000000	0.000	0.000	0.000	0.0000000	1	OK	71.216	-23.689	-1238.347
2	Port 2: NDI 8700340  s/n:34802401	448394	1	OK	0.8038182	-0.0576430	-0.5758809	-0.1375312	5.272	56.280	-1322.241	0.1404803	0	Stray Markers	448394	1	OK	1.0000000	0.0000000	0.0000000	0.0000000	0.000	0.000	0.000	0.0000000	1	OK	71.210	-23.678	-1238.273
2	Port 2: NDI 8700340  s/n:34802401	448397	1	OK	0.8039808	-0.0575562	-0.5757611	-0.1371179	5.278	56.467	-1322.185	0.1357528	0	Stray Markers	448397	1	OK	1.0000000	0.0000000	0.0000000	0.0000000	0.000	0.000	0.000	0.0000000	1	OK	71.212	-23.696	-1238.242
2	Port 2: NDI 8700340  s/n:34802401	448400	1	OK	0.8044198	-0.0574858	-0.5754242	-0.1359820	5.226	56.810	-1322.199	0.1349820	0	Stray Markers	448400	1	OK	1.0000000	0.0000000	0.0000000	0.0000000	0.000	0.000	0.000	0.0000000	1	OK	71.208	-23.693	-1238.269
2	Port 2: NDI 8700340  s/n:34802401	448403	1	OK	0.8046073	-0.0571777	-0.5753608	-0.1352696	5.227	57.030	-1322.196	0.1339977	0	Stray Markers	448403	1	OK	1.0000000	0.0000000	0.0000000	0.0000000	0.000	0.000	0.000	0.0000000	1	OK	71.212	-23.674	-1238.266
2	Port 2: NDI 8700340  s/n:34802401	448406	1	OK	0.8046111	-0.0568087	-0.5753347	-0.1355128	5.215	57.056	-1322.246	0.1284828	0	Stray Markers	448406	1	OK	1.0000000	0.0000000	0.0000000	0.0000000	0.000	0.000	0.000	0.0000000	1	OK	71.197	-23.678	-1238.200
2	Port 2: NDI 8700340  s/n:34802401	448409	1	OK	0.8046792	-0.0573936	-0.5753706	-0.1347070	5.211	57.029	-1322.247	0.1286575	0	Stray Markers	448409	1	OK	1.0000000	0.0000000	0.0000000	0.0000000	0.000	0.000	0.000	0.0000000	1	OK	71.209	-23.666	-1238.215
2	Port 2: NDI 8700340  s/n:34802401	448412	1	OK	0.8045918	-0.0568976	-0.5754170	-0.1352402	5.220	57.077	-1322.257	0.1374334	0	Stray Markers	448412	1	OK	1.0000000	0.0000000	0.0000000	0.0000000	0.000	0.000	0.000	0.0000000	1	OK	71.202	-23.679	-1238.222
2	Port 2: NDI 8700340  s/n:34802401	448415	1	OK	0.8043786	-0.0568316	-0.5757464	-0.1351344	5.223	57.042	-1322.219	0.1293517	0	Stray Markers	448415	1	OK	1.0000000	0.0000000	0.0000000	0.0000000	0.000	0.000	0.000	0.0000000	1	OK	71.202	-23.681	-1238.220
2	Port 2: NDI 8700340  s/n:34802401	448418	1	OK	0.8043838	-0.0561318	-0.5758689	-0.1348736	5.223	57.264	-1322.165	0.1381726	0	Stray Markers	448418	1	OK	1.0000000	0.0000000	0.0000000	0.0000000	0.000	0.000	0.000	0.0000000	1	OK	71.211	-23.677	-1238.187
2	Port 2: NDI 8700340  s/n:34802401	448421	1	OK	0.8043185	-0.0547938	-0.5758502	-0.1358890	5.189	57.477	-1322.211	0.1289379	0	Stray Markers	448421	1	OK	1.0000000	0.0000000	0.0000000	0.0000000	0.000	0.000	0.000	0.0000000	1	OK	71.201	-23.676	-1238.205
2	Port 2: NDI 8700340  s/n:34802401	448424	1	OK	0.8043250	-0.0540515	-0.5758498	-0.1361499	5.154	57.599	-1322.271	0.1272415	0	Stray Markers	448424	1	OK	1.0000000	0.0000000	0.0000000	0.0000000	0.000	0.000	0.000	0.0000000	1	OK	71.209	-23.681	-1238.255
2	Port 2: NDI 8700340  s/n:34802401	448427	1	OK	0.8041922	-0.0538358	-0.5760652	-0.1361081	5.194	57.648	-1322.173	0.1456087	0	Stray Markers	448427	1	OK	1.0000000	0.0000000	0.0000000	0.0000000	0.000	0.000	0.000	0.0000000	1	OK	71.203	-23.677	-1238.242
2	Port 2: NDI 8700340  s/n:34802401	448430	1	OK	0.8045209	-0.0541775	-0.5756876	-0.1356270	5.181	57.757	-1322.194	0.1356009	0	Stray Markers	448430	1	OK	1.0000000	0.0000000	0.0000000	0.0000000	0.000	0.000	0.000	0.0000000	1	OK	71.205	-23.657	-1238.238
2	Port 2: NDI 8700340  s/n:34802401	448433	1	OK	0.8049651	-0.0536495	-0.5751519	-0.1354740	5.142	58.071	-1322.248	0.1286186	0	Stray Markers	448433	1	OK	1.0000000	0.0000000	0.0000000	0.0000000	0.000	0.000	0.000	0.0000000	1	OK	71.205	-23.671	-1238.217
2	Port 2: NDI 8700340  s/n:34802401	448436	1	OK	0.8050372	-0.0537412	-0.5749857	-0.1357144	5.177	58.089	-1322.167	0.1377651	0	Stray Markers	448436	1	OK	1.0000000	0.0000000	0.0000000	0.0000000	0.000	0.000	0.000	0.0000000	1	OK	71.196	-23.675	-1238.190
2	Port 2: NDI 8700340  s/n:34802401	448439	1	OK	0.8052654	-0.0539889	-0.5747464	-0.1352749	5.141	58.124	-1322.229	0.1389971	0	Stray Markers	448439	1	OK	1.0000000	0.0000000	0.0000000	0.0000000	0.000	0.000	0.000	0.0000000	1	OK	71.203	-23.667	-1238.220
2	Port 2: NDI 8700340  s/n:34802401	448442	1	OK	0.8053126	-0.0539583	-0.5746962	-0.1352199	5.133	58.150	-1322.236	0.1244236	0	Stray Markers	448442	1	OK	1.0000000	0.0000000	0.0000000	0.0000000	0.000	0.000	0.000	0.0000000	1	OK	71.202	-23.664	-1238.199
2	Port 2: NDI 8700340  s/n:34802401	448445	1	OK	0.8052880	-0.0540090	-0.5747736	-0.1350169	5.147	58.177	-1322.197	0.1383626	0	Stray Markers	448445	1	OK	1.0000000	0.0000000	0.0000000	0.0000000	0.000	0.000	0.000	0.0000000	1	OK	71.209	-23.659	-1238.224
2	Port 2: NDI 8700340  s/n:34802401	448448	1	OK	0.8051804	-0.0535497	-0.5749690	-0.1350094	5.154	58.291	-1322.166	0.1347427	0	Stray Markers	448448	1	OK	1.0000000	0.0000000	0.0000000	0.0000000	0.000	0.000	0.000	0.0000000	1	OK	71.207	-23.662	-1238.182
2	Port 2: NDI 8700340  s/n:34802401	448451	1	OK	0.8051652	-0.0532557	-0.5749136	-0.1354521	5.138	58.318	-1322.229	0.1286264	0	Stray Markers	448451	1	OK	1.0000000	0.0000000	0.0000000	0.0000000	0.000	0.000	0.000	0.0000000	1	OK	71.195	-23.650	-1238.189
2	Port 2: NDI 8700340  s/n:34802401	448454	1	OK	0.8053674	-0.0536131	-0.5747282	-0.1348941	5.106	58.324	-1322.293	0.1305032	0	Stray Markers	448454	1	OK	1.0000000	0.0000000	0.0000000	0.0000000	0.000	0.000	0.000	0.0000000	1	OK	71.200	-23.665	-1238.186
2	Port 2: NDI 8700340  s/n:34802401	448457	1	OK	0.8052793	-0.0534699	-0.5747878	-0.1352231	5.150	58.315	-1322.171	0.1339198	0	Stray Markers	448457	1	OK	1.0000000	0.0000000	0.0000000	0.0000000	0.000	0.000	0.000	0.0000000	1	OK	71.198	-23.652	-1238.182
2	Port 2: NDI 8700340  s/n:34802401	448460	1	OK	0.8051449	-0.0529283	-0.5750132	-0.1352780	5.134	58.359	-1322.241	0.1353644	0	Stray Markers	448460	1	OK	1.0000000	0.0000000	0.0000000	0.0000000	0.000	0.000	0.000	0.0000000	1	OK	71.198	-23.665	-1238.171
2	Port 2: NDI 8700340  s/n:34802401	448463	1	OK	0.8047191	-0.0526233	-0.5756820	-0.1350861	5.163	58.307	-1322.130	0.1421162	0	Stray Markers	448463	1	OK	1.0000000	0.0000000	0.0000000	0.0000000	0.000	0.000	0.000	0.0000000	1	OK	71.193	-23.661	-1238.122
2	Port 2: NDI 8700340  s/n:34802401	448466	1	OK	0.8047492	-0.0523426	-0.5756859	-0.1349987	5.115	58.312	-1322.246	0.1281027	0	Stray Markers	448466	1	OK	1.0000000	0.0000000	0.0000000	0.0000000	0.000	0.000	0.000	0.0000000	1	OK	71.196	-23.659	-1238.150
2	Port 2: NDI 8700340  s/n:34802401	448469	1	OK	0.8050241	-0.0527444	-0.5753850	-0.1344856	5.112	58.319	-1322.257	0.1299891	0	Stray Markers	448469	1	OK	1.0000000	0.0000000	0.0000000	0.0000000	0.000	0.000	0.000	0.0000000	1	OK	71.197	-23.658	-1238.184
2	Port 2: NDI 8700340  s/n:34802401	448472	1	OK	0.8052935	-0.0528938	-0.5749883	-0.1345109	5.097	58.329	-1322.296	0.1431148	0	Stray Markers	448472	1	OK	1.0000000	0.0000000	0.0000000	0.0000000	0.000	0.000	0.000	0.0000000	1	OK	71.198	-23.656	-1238.151
2	Port 2: NDI 8700340  s/n:34802401	448475	1	OK	0.8052550	-0.0530216	-0.5750596	-0.1343854	5.133	58.328	-1322.226	0.1386323	0	Stray Markers	448475	1	OK	1.0000000	0.0000000	0.0000000	0.0000000	0.000	0.000	0.000	0.0000000	1	OK	71.189	-23.648	-1238.133
2	Port 2: NDI 8700340  s/n:34802401	448478	1	OK	0.8051940	-0.0530527	-0.5752569	-0.1338938	5.114	58.311	-1322.259	0.1327273	0	Stray Markers	448478	1	OK	1.0000000	0.0000000	0.0000000	0.0000000	0.000	0.000	0.000	0.0000000	1	OK	71.199	-23.655	-1238.160
2	Port 2: NDI 8700340  s/n:34802401	448481	1	OK	0.8055121	-0.0526262	-0.5750143	-0.1331891	5.086	58.566	-1322.304	0.1297227	0	Stray Markers	448481	1	OK	1.0000000	0.0000000	0.0000000	0.0000000	0.000	0.000	0.000	0.0000000	1	OK	71.199	-23.671	-1238.181
2	Port 2: NDI 8700340  s/n:34802401	448484	1	OK	0.8059333	-0.0532405	-0.5744222	-0.1329512	5.093	58.572	-1322.295	0.1481784	0	Stray Markers	448484	1	OK	1.0000000	0.0000000	0.0000000	0.0000000	0.000	0.000	0.000	0.0000000	1	OK	71.201	-23.663	-1238.149
2	Port 2: NDI 8700340  s/n:34802401	448487	1	OK	0.8061499	-0.0537205	-0.5740986	-0.1328431	5.119	58.556	-1322.210	0.1423925	0	Stray Markers	448487	1	OK	1.0000000	0.0000000	0.0000000	0.0000000	0.000	0.000	0.000	0.0000000	1	OK	71.191	-23.643	-1238.164
2	Port 2: NDI 8700340  s/n:34802401	448490	1	OK	0.8062722	-0.0536080	-0.5738646	-0.1331570	5.120	58.579	-1322.243	0.1325301	0	Stray Markers	448490	1	OK	1.0000000	0.0000000	0.0000000	0.0000000	0.000	0.000	0.000	0.0000000	1	OK	71.200	-23.669	-1238.167
2	Port 2: NDI 8700340  s/n:34802401	448493	1	OK	0.8062353	-0.0532918	-0.5737907	-0.1338244	5.119	58.600	-1322.260	0.1388574	0	Stray Markers	448493	1	OK	1.0000000	0.0000000	0.0000000	0.0000000	0.000	0.000	0.000	0.0000000	1	OK	71.193	-23.663	-1238.111
2	Port 2: NDI 8700340  s/n:34802401	448496	1	OK	0.8062949	-0.0534899	-0.5737848	-0.1334104	5.108	58.587	-1322.273	0.1337185	0	Stray Markers	448496	1	OK	1.0000000	0.0000000	0.0000000	0.0000000	0.000	0.000	0.000	0.0000000	1	OK	71.197	-23.655	-1238.231
2	Port 2: NDI 8700340  s/n:34802401	448499	1	OK	0.8062942	-0.0532763	-0.5737692	-0.1335674	5.104	58.601	-1322.288	0.1290211	0	Stray Markers	448499	1	OK	1.0000000	0.0000000	0.0000000	0.0000000	0.000	0.000	0.000	0.0000000	1	OK	71.192	-23.649	-1238.116
2	Port 2: NDI 8700340  s/n:34802401	448502	1	OK	0.8064340	-0.0539031	-0.5737540	-0.1325331	5.105	58.568	-1322.270	0.1440141	0	Stray Markers	448502	1	OK	1.0000000	0.0000000	0.0000000	0.0000000	0.000	0.000	0.000	0.0000000	1	OK	71.198	-23.646	-1238.162
2	Port 2: NDI 8700340  s/n:34802401	448505	1	OK	0.8066230	-0.0537153	-0.5734257	-0.1328798	5.079	58.597	-1322.336	0.1347491	0	Stray Markers	448505	1	OK	1.0000000	0.0000000	0.0000000	0.0000000	0.000	0.000	0.000	0.0000000	1	OK	71.203	-23.657	-1238.229
2	Port 2: NDI 8700340  s/n:34802401	448508	1	OK	0.8065391	-0.0538275	-0.5735523	-0.1327969	5.102	58.590	-1322.283	0.1376396	0	Stray Markers	448508	1	OK	1.0000000	0.0000000	0.0000000	0.0000000	0.000	0.000	0.000	0.0000000	1	OK	71.191	-23.654	-1238.140
2	Port 2: NDI 8700340  s/n:34802401	448511	1	OK	0.8064857	-0.0541397	-0.5738037	-0.1319055	5.101	58.546	-1322.254	0.1429603	0	Stray Markers	448511	1	OK	1.0000000	0.0000000	0.0000000	0.0000000	0.000	0.000	0.000	0.0000000	1	OK	71.195	-23.647	-1238.171
2	Port 2: NDI 8700340  s/n:34802401	448514	1	OK	0.8062366	-0.0536173	-0.5741348	-0.1322009	5.111	58.561	-1322.265	0.1310248	0	Stray Markers	448514	1	OK	1.0000000	0.0000000	0.0000000	0.0000000	0.000	0.000	0.000	0.0000000	1	OK	71.197	-23.650	-1238.166
2	Port 2: NDI 8700340  s/n:34802401	448517	1	OK	0.8060294	-0.0531958	-0.5744049	-0.1324607	5.116	58.555	-1322.242	0.1387123	0	Stray Markers	448517	1	OK	1.0000000	0.0000000	0.0000000	0.0000000	0.000	0.000	0.000	0.0000000	1	OK	71.198	-23.651	-1238.201
2	Port 2: NDI 8700340  s/n:34802401	448520	1	OK	0.8060084	-0.0530824	-0.5745197	-0.1321357	5.099	58.557	-1322.276	0.1356405	0	Stray Markers	448520	1	OK	1.0000000	0.0000000	0.0000000	0.0000000	0.000	0.000	0.000	0.0000000	1	OK	71.194	-23.647	-1238.200
2	Port 2: NDI 8700340  s/n:34802401	448523	1	OK	0.8058313	-0.0532360	-0.5748830	-0.1315724	5.122	58.531	-1322.216	0.1447537	0	Stray Markers	448523	1	OK	1.0000000	0.0000000	0.0000000	0.0000000	0.000	0.000	0.000	0.0000000	1	OK	71.200	-23.656	-1238.178
2	Port 2: NDI 8700340  s/n:34802401	448526	1	OK	0.8056737	-0.0525293	-0.5749778	-0.1324051	5.134	58.565	-1322.215	0.1513351	0	Stray Markers	448526	1	OK	1.0000000	0.0000000	0.0000000	0.0000000	0.000	0.000	0.000	0.0000000	1	OK	71.195	-23.656	-1238.177
2	Port 2: NDI 8700340  s/n:34802401	448529	1	OK	0.8058864	-0.0532791	-0.5747514	-0.1317928	5.124	58.529	-1322.217	0.1373060	0	Stray Markers	448529	1	OK	1.0000000	0.0000000	0.0000000	0.0000000	0.000	0.000	0.000	0.0000000	1	OK	71.194	-23.654	-1238.153
2	Port 2: NDI 8700340  s/n:34802401	448532	1	OK	0.8059133	-0.0530843	-0.5746915	-0.1319672	5.126	58.578	-1322.241	0.1378894	0	Stray Markers	448532	1	OK	1.0000000	0.0000000	0.0000000	0.0000000	0.000	0.000	0.000	0.0000000	1	OK	71.194	-23.635	-1238.190
2	Port 2: NDI 8700340  s/n:34802401	448535	1	OK	0.8056736	-0.0527473	-0.5750567	-0.1319759	5.127	58.562	-1322.225	0.1358852	0	Stray Markers	448535	1	OK	1.0000000	0.0000000	0.0000000	0.0000000	0.000	0.000	0.000	0.0000000	1	OK	71.191	-23.647	-1238.158
2	Port 2: NDI 8700340  s/n:34802401	448538	1	OK	0.8055273	-0.0526219	-0.5752987	-0.1318640	5.140	58.587	-1322.208	0.1449315	0	Stray Markers	448538	1	OK	1.0000000	0.0000000	0.0000000	0.0000000	0.000	0.000	0.000	0.0000000	1	OK	71.198	-23.659	-1238.189
2	Port 2: NDI 8700340  s/n:34802401	448541	1	OK	0.8056075	-0.0527813	-0.5751611	-0.1319102	5.135	58.587	-1322.218	0.1448366	0	Stray Markers	448541	1	OK	1.0000000	0.0000000	0.0000000	0.0000000	0.000	0.000	0.000	0.0000000	1	OK	71.199	-23.636	-1238.182
2	Port 2: NDI 8700340  s/n:34802401	448544	1	OK	0.8056747	-0.0531936	-0.5751441	-0.1314077	5.142	58.558	-1322.178	0.1355232	0	Stray Markers	448544	1	OK	1.0000000	0.0000000	0.0000000	0.0000000	0.000	0.000	0.000	0.0000000	1	OK	71.193	-23.629	-1238.151
2	Port 2: NDI 8700340  s/n:34802401	448547	1	OK	0.8057405	-0.0531432	-0.5751249	-0.1311085	5.088	58.618	-1322.344	0.1392756	0	Stray Markers	448547	1	OK	1.0000000	0.0000000	0.0000000	0.0000000	0.000	0.000	0.000	0.0000000	1	OK	71.189	-23.640	-1238.119
2	Port 2: NDI 8700340  s/n:34802401	448550	1	OK	0.8054973	-0.0531297	-0.5754946	-0.1309861	5.102	58.582	-1322.292	0.1404438	0	Stray Markers	448550	1	OK	1.0000000	0.0000000	0.0000000	0.0000000	0.000	0.000	0.000	0.0000000	1	OK	71.189	-23.655	-1238.148
