Tools	Port 2: NDI 8700340  s/n:34802401	Frame	Face	State	Q0	Qx	Qy	Qz	Tx	Ty	Tz	Error	Markers	Stray Markers	Frame	Face	State	Q0	Qx	Qy	Qz	Tx	Ty	Tz	Error	Markers
2	Port 2: NDI 8700340  s/n:34802401	651565	1	OK	0.6280485	0.1430197	-0.7647265	0.0171408	78.437	-33.435	-1245.765	0.1155050	0	Stray Markers	651565	1	OK	-3.697314E28	-3.697314E28	-3.697314E28	-3.697314E28	-3.697314E28	-3.697314E28	-3.697314E28	0.0000000	0
2	Port 2: NDI 8700340  s/n:34802401	651568	1	OK	0.6279363	0.1428295	-0.7648485	0.0173904	78.424	-33.429	-1245.719	0.1190466	0	Stray Markers	651568	1	OK	-3.697314E28	-3.697314E28	-3.697314E28	-3.697314E28	-3.697314E28	-3.697314E28	-3.697314E28	0.0000000	0
2	Port 2: NDI 8700340  s/n:34802401	651571	1	OK	0.6280029	0.1432058	-0.7647278	0.0172024	78.433	-33.428	-1245.780	0.1195894	0	Stray Markers	651571	1	OK	-3.697314E28	-3.697314E28	-3.697314E28	-3.697314E28	-3.697314E28	-3.697314E28	-3.697314E28	0.0000000	0
2	Port 2: NDI 8700340  s/n:34802401	651574	1	OK	0.6277850	0.1434067	-0.7648638	0.0174336	78.433	-33.442	-1245.760	0.1193301	0	Stray Markers	651574	1	OK	-3.697314E28	-3.697314E28	-3.697314E28	-3.697314E28	-3.697314E28	-3.697314E28	-3.697314E28	0.0000000	0
2	Port 2: NDI 8700340  s/n:34802401	651577	1	OK	0.6276804	0.1448337	-0.7646951	0.0167937	78.418	-33.415	-1245.757	0.1183072	0	Stray Markers	651577	1	OK	-3.697314E28	-3.697314E28	-3.697314E28	-3.697314E28	-3.697314E28	-3.697314E28	-3.697314E28	0.0000000	0
2	Port 2: NDI 8700340  s/n:34802401	651580	1	OK	0.6269837	0.1475295	-0.7647675	0.0160354	78.426	-33.389	-1245.786	0.1167256	0	Stray Markers	651580	1	OK	-3.697314E28	-3.697314E28	-3.697314E28	-3.697314E28	-3.697314E28	-3.697314E28	-3.697314E28	0.0000000	0
2	Port 2: NDI 8700340  s/n:34802401	651583	1	OK	0.6263347	0.1514352	-0.7645644	0.0146124	78.412	-33.335	-1245.847	0.1199926	0	Stray Markers	651583	1	OK	-3.697314E28	-3.697314E28	-3.697314E28	-3.697314E28	-3.697314E28	-3.697314E28	-3.697314E28	0.0000000	0
2	Port 2: NDI 8700340  s/n:34802401	651586	1	OK	0.6259825	0.1523990	-0.7646506	0.0151661	78.415	-33.338	-1245.872	0.1228205	0	Stray Markers	651586	1	OK	-3.697314E28	-3.697314E28	-3.697314E28	-3.697314E28	-3.697314E28	-3.697314E28	-3.697314E28	0.0000000	0
2	Port 2: NDI 8700340  s/n:34802401	651589	1	OK	0.6260466	0.1515562	-0.7647391	0.0164437	78.397	-33.337	-1245.822	0.1252723	0	Stray Markers	651589	1	OK	-3.697314E28	-3.697314E28	-3.697314E28	-3.697314E28	-3.697314E28	-3.697314E28	-3.697314E28	0.0000000	0
2	Port 2: NDI 8700340  s/n:34802401	651592	1	OK	0.6265027	0.1499296	-0.7646647	0.0174165	78.387	-33.313	-1245.813	0.1232393	0	Stray Markers	651592	1	OK	-3.697314E28	-3.697314E28	-3.697314E28	-3.697314E28	-3.697314E28	-3.697314E28	-3.697314E28	0.0000000	0
2	Port 2: NDI 8700340  s/n:34802401	651595	1	OK	0.6272748	0.1478631	-0.7644112	0.0183937	78.386	-33.303	-1245.876	0.1172170	0	Stray Markers	651595	1	OK	-3.697314E28	-3.697314E28	-3.697314E28	-3.697314E28	-3.697314E28	-3.697314E28	-3.697314E28	0.0000000	0
2	Port 2: NDI 8700340  s/n:34802401	651598	1	OK	0.6274307	0.1467235	-0.7644993	0.0185379	78.376	-33.295	-1245.900	0.1185566	0	Stray Markers	651598	1	OK	-3.697314E28	-3.697314E28	-3.697314E28	-3.697314E28	-3.697314E28	-3.697314E28	-3.697314E28	0.0000000	0
2	Port 2: NDI 8700340  s/n:34802401	651601	1	OK	0.6272105	0.1455777	-0.7648853	0.0190934	78.351	-33.239	-1245.898	0.1191117	0	Stray Markers	651601	1	OK	-3.697314E28	-3.697314E28	-3.697314E28	-3.697314E28	-3.697314E28	-3.697314E28	-3.697314E28	0.0000000	0
2	Port 2: NDI 8700340  s/n:34802401	651604	1	OK	0.6276451	0.1432441	-0.7649515	0.0197992	78.348	-33.239	-1246.017	0.1168484	0	Stray Markers	651604	1	OK	-3.697314E28	-3.697314E28	-3.697314E28	-3.697314E28	-3.697314E28	-3.697314E28	-3.697314E28	0.0000000	0
2	Port 2: NDI 8700340  s/n:34802401	651607	1	OK	0.6278687	0.1413817	-0.7651143	0.0198056	78.347	-33.256	-1246.030	0.1165515	0	Stray Markers	651607	1	OK	-3.697314E28	-3.697314E28	-3.697314E28	-3.697314E28	-3.697314E28	-3.697314E28	-3.697314E28	0.0000000	0
2	Port 2: NDI 8700340  s/n:34802401	651610	1	OK	0.6281733	0.1380107	-0.7654583	0.0206150	78.234	-33.251	-1246.116	0.1194440	0	Stray Markers	651610	1	OK	-3.697314E28	-3.697314E28	-3.697314E28	-3.697314E28	-3.697314E28	-3.697314E28	-3.697314E28	0.0000000	0
2	Port 2: NDI 8700340  s/n:34802401	651613	1	OK	0.6300415	0.1377046	-0.7639863	0.0202513	76.718	-33.388	-1247.653	0.1265664	0	Stray Markers	651613	1	OK	-3.697314E28	-3.697314E28	-3.697314E28	-3.697314E28	-3.697314E28	-3.697314E28	-3.697314E28	0.0000000	0
2	Port 2: NDI 8700340  s/n:34802401	651616	1	OK	0.6315765	0.1392722	-0.7624143	0.0209474	74.179	-33.674	-1250.438	0.1319742	0	Stray Markers	651616	1	OK	-3.697314E28	-3.697314E28	-3.697314E28	-3.697314E28	-3.697314E28	-3.697314E28	-3.697314E28	0.0000000	0
2	Port 2: NDI 8700340  s/n:34802401	651619	1	OK	0.6314053	0.1442913	-0.7615823	0.0223573	71.315	-33.938	-1253.634	0.1231633	0	Stray Markers	651619	1	OK	-3.697314E28	-3.697314E28	-3.697314E28	-3.697314E28	-3.697314E28	-3.697314E28	-3.697314E28	0.0000000	0
2	Port 2: NDI 8700340  s/n:34802401	651622	1	OK	0.6312290	0.1471835	-0.7611305	0.0238172	68.656	-34.209	-1256.542	0.1336448	0	Stray Markers	651622	1	OK	-3.697314E28	-3.697314E28	-3.697314E28	-3.697314E28	-3.697314E28	-3.697314E28	-3.697314E28	0.0000000	0
2	Port 2: NDI 8700340  s/n:34802401	651625	1	OK	0.6307116	0.1501429	-0.7609433	0.0250052	65.901	-34.494	-1259.604	0.1328532	0	Stray Markers	651625	1	OK	-3.697314E28	-3.697314E28	-3.697314E28	-3.697314E28	-3.697314E28	-3.697314E28	-3.697314E28	0.0000000	0
2	Port 2: NDI 8700340  s/n:34802401	651628	1	OK	0.6299217	0.1537744	-0.7608775	0.0248510	63.298	-34.729	-1262.609	0.1200651	0	Stray Markers	651628	1	OK	-3.697314E28	-3.697314E28	-3.697314E28	-3.697314E28	-3.697314E28	-3.697314E28	-3.697314E28	0.0000000	0
2	Port 2: NDI 8700340  s/n:34802401	651631	1	OK	0.6291628	0.1588981	-0.7604346	0.0253934	60.114	-35.053	-1266.097	0.1367356	0	Stray Markers	651631	1	OK	-3.697314E28	-3.697314E28	-3.697314E28	-3.697314E28	-3.697314E28	-3.697314E28	-3.697314E28	0.0000000	0
2	Port 2: NDI 8700340  s/n:34802401	651634	1	OK	0.6280347	0.1643140	-0.7601858	0.0262841	57.180	-35.372	-1269.201	0.1255311	0	Stray Markers	651634	1	OK	-3.697314E28	-3.697314E28	-3.697314E28	-3.697314E28	-3.697314E28	-3.697314E28	-3.697314E28	0.0000000	0
2	Port 2: NDI 8700340  s/n:34802401	651637	1	OK	0.6276450	0.1719622	-0.7587931	0.0269039	54.348	-35.624	-1272.404	0.1262303	0	Stray Markers	651637	1	OK	-3.697314E28	-3.697314E28	-3.697314E28	-3.697314E28	-3.697314E28	-3.697314E28	-3.697314E28	0.0000000	0
2	Port 2: NDI 8700340  s/n:34802401	651640	1	OK	0.6260862	0.1771445	-0.7588345	0.0283916	52.498	-35.783	-1274.434	0.1268403	0	Stray Markers	651640	1	OK	-3.697314E28	-3.697314E28	-3.697314E28	-3.697314E28	-3.697314E28	-3.697314E28	-3.697314E28	0.0000000	0
2	Port 2: NDI 8700340  s/n:34802401	651643	1	OK	0.6252249	0.1829778	-0.7581231	0.0293654	50.597	-35.973	-1276.581	0.1291046	0	Stray Markers	651643	1	OK	1.0000000	0.0000000	0.0000000	0.0000000	0.000	0.000	0.000	0.0000000	1	OK	71.305	-25.219	-1241.802
2	Port 2: NDI 8700340  s/n:34802401	651646	1	OK	0.6241274	0.1886322	-0.7575581	0.0314430	48.424	-36.175	-1278.999	0.1314532	0	Stray Markers	651646	1	OK	1.0000000	0.0000000	0.0000000	0.0000000	0.000	0.000	0.000	0.0000000	1	OK	70.726	-21.075	-1239.228
2	Port 2: NDI 8700340  s/n:34802401	651649	1	OK	0.6240878	0.1974752	-0.7552559	0.0332627	45.025	-36.552	-1282.690	0.1301272	0	Stray Markers	651649	1	OK	1.0000000	0.0000000	0.0000000	0.0000000	0.000	0.000	0.000	0.0000000	1	OK	70.737	-21.098	-1239.260
2	Port 2: NDI 8700340  s/n:34802401	651652	1	OK	0.6231657	0.2061622	-0.7535828	0.0357025	41.887	-36.909	-1286.093	0.1296346	0	Stray Markers	651652	1	OK	1.0000000	0.0000000	0.0000000	0.0000000	0.000	0.000	0.000	0.0000000	1	OK	70.679	-20.881	-1238.615
2	Port 2: NDI 8700340  s/n:34802401	651655	1	OK	0.6228152	0.2132081	-0.7518000	0.0379512	39.102	-37.222	-1289.254	0.1386290	0	Stray Markers	651655	1	OK	1.0000000	0.0000000	0.0000000	0.0000000	0.000	0.000	0.000	0.0000000	1	OK	70.673	-20.810	-1238.498
2	Port 2: NDI 8700340  s/n:34802401	651658	1	OK	0.6225578	0.2177071	-0.7506752	0.0388870	37.277	-37.367	-1291.334	0.1207313	0	Stray Markers	651658	1	OK	1.0000000	0.0000000	0.0000000	0.0000000	0.000	0.000	0.000	0.0000000	1	OK	70.680	-20.897	-1238.626
2	Port 2: NDI 8700340  s/n:34802401	651661	1	OK	0.6228079	0.2219817	-0.7491453	0.0401957	34.905	-37.605	-1293.987	0.1259148	0	Stray Markers	651661	1	OK	1.0000000	0.0000000	0.0000000	0.0000000	0.000	0.000	0.000	0.0000000	1	OK	70.659	-20.708	-1238.383
2	Port 2: NDI 8700340  s/n:34802401	651664	1	OK	0.6217538	0.2276530	-0.7483175	0.0402144	32.837	-37.830	-1296.117	0.1311242	0	Stray Markers	651664	1	OK	1.0000000	0.0000000	0.0000000	0.0000000	0.000	0.000	0.000	0.0000000	1	OK	70.611	-20.439	-1238.047
2	Port 2: NDI 8700340  s/n:34802401	651667	1	OK	0.6227363	0.2325283	-0.7459544	0.0410129	30.264	-38.134	-1299.047	0.1241354	0	Stray Markers	651667	1	OK	1.0000000	0.0000000	0.0000000	0.0000000	0.000	0.000	0.000	0.0000000	1	OK	70.589	-20.331	-1237.876
2	Port 2: NDI 8700340  s/n:34802401	651670	1	OK	0.6225492	0.2371715	-0.7446867	0.0402971	28.773	-38.198	-1300.750	0.1225773	0	Stray Markers	651670	1	OK	1.0000000	0.0000000	0.0000000	0.0000000	0.000	0.000	0.000	0.0000000	1	OK	70.543	-20.121	-1237.303
2	Port 2: NDI 8700340  s/n:34802401	651673	1	OK	0.6224728	0.2392173	-0.7440692	0.0407891	27.620	-38.327	-1301.981	0.1181076	0	Stray Markers	651673	1	OK	1.0000000	0.0000000	0.0000000	0.0000000	0.000	0.000	0.000	0.0000000	1	OK	70.398	-19.737	-1236.527
2	Port 2: NDI 8700340  s/n:34802401	651676	1	OK	0.6222633	0.2404047	-0.7439000	0.0400851	27.036	-38.371	-1302.573	0.1140569	0	Stray Markers	651676	1	OK	1.0000000	0.0000000	0.0000000	0.0000000	0.000	0.000	0.000	0.0000000	1	OK	70.391	-19.550	-1235.613
2	Port 2: NDI 8700340  s/n:34802401	651679	1	OK	0.6219720	0.2430172	-0.7433232	0.0395488	26.160	-38.446	-1303.514	0.1121588	0	Stray Markers	651679	1	OK	1.0000000	0.0000000	0.0000000	0.0000000	0.000	0.000	0.000	0.0000000	1	OK	70.392	-19.832	-1236.227
2	Port 2: NDI 8700340  s/n:34802401	651682	1	OK	0.6218792	0.2452409	-0.7426611	0.0397199	25.013	-38.534	-1304.763	0.1243004	0	Stray Markers	651682	1	OK	1.0000000	0.0000000	0.0000000	0.0000000	0.000	0.000	0.000	0.0000000	1	OK	70.388	-19.585	-1236.516
2	Port 2: NDI 8700340  s/n:34802401	651685	1	OK	0.6221433	0.2489345	-0.7412350	0.0392435	23.432	-38.710	-1306.504	0.1277438	0	Stray Markers	651685	1	OK	1.0000000	0.0000000	0.0000000	0.0000000	0.000	0.000	0.000	0.0000000	1	OK	70.395	-19.591	-1236.574
2	Port 2: NDI 8700340  s/n:34802401	651688	1	OK	0.6231153	0.2514780	-0.7395433	0.0395193	21.677	-38.931	-1308.499	0.1149057	0	Stray Markers	651688	1	OK	1.0000000	0.0000000	0.0000000	0.0000000	0.000	0.000	0.000	0.0000000	1	OK	70.519	-19.746	-1237.608
2	Port 2: NDI 8700340  s/n:34802401	651691	1	OK	0.6236715	0.2528179	-0.7385718	0.0403573	20.224	-39.065	-1310.122	0.1143816	0	Stray Markers	651691	1	OK	1.0000000	0.0000000	0.0000000	0.0000000	0.000	0.000	0.000	0.0000000	1	OK	70.507	-19.593	-1237.766
2	Port 2: NDI 8700340  s/n:34802401	651694	1	OK	0.6236789	0.2558239	-0.7375912	0.0392174	19.389	-39.129	-1310.989	0.1175301	0	Stray Markers	651694	1	OK	1.0000000	0.0000000	0.0000000	0.0000000	0.000	0.000	0.000	0.0000000	1	OK	70.374	-19.392	-1236.692
2	Port 2: NDI 8700340  s/n:34802401	651697	1	OK	0.6231435	0.2570093	-0.7376296	0.0392537	18.909	-39.192	-1311.531	0.1199613	0	Stray Markers	651697	1	OK	1.0000000	0.0000000	0.0000000	0.0000000	0.000	0.000	0.000	0.0000000	1	OK	70.369	-19.309	-1236.782
2	Port 2: NDI 8700340  s/n:34802401	651700	1	OK	0.6228057	0.2578838	-0.7376015	0.0394080	18.214	-39.241	-1312.302	0.1231736	0	Stray Markers	651700	1	OK	1.0000000	0.0000000	0.0000000	0.0000000	0.000	0.000	0.000	0.0000000	1	OK	70.494	-19.399	-1238.006
2	Port 2: NDI 8700340  s/n:34802401	651703	1	OK	0.6232426	0.2602333	-0.7364378	0.0388156	17.224	-39.333	-1313.457	0.1126506	0	Stray Markers	651703	1	OK	1.0000000	0.0000000	0.0000000	0.0000000	0.000	0.000	0.000	0.0000000	1	OK	70.417	-19.088	-1237.360
2	Port 2: NDI 8700340  s/n:34802401	651706	1	OK	0.6228706	0.2623127	-0.7360001	0.0390894	16.217	-39.482	-1314.514	0.1115664	0	Stray Markers	651706	1	OK	1.0000000	0.0000000	0.0000000	0.0000000	0.000	0.000	0.000	0.0000000	1	OK	70.430	-18.993	-1237.503
2	Port 2: NDI 8700340  s/n:34802401	651709	1	OK	0.6222972	0.2637332	-0.7359538	0.0395350	15.693	-39.518	-1315.009	0.1164438	0	Stray Markers	651709	1	OK	1.0000000	0.0000000	0.0000000	0.0000000	0.000	0.000	0.000	0.0000000	1	OK	70.424	-18.872	-1237.675
2	Port 2: NDI 8700340  s/n:34802401	651712	1	OK	0.6224351	0.2628275	-0.7361262	0.0401796	15.659	-39.552	-1315.123	0.1154666	0	Stray Markers	651712	1	OK	1.0000000	0.0000000	0.0000000	0.0000000	0.000	0.000	0.000	0.0000000	1	OK	70.538	-19.070	-1238.562
2	Port 2: NDI 8700340  s/n:34802401	651715	1	OK	0.6225136	0.2634124	-0.7358671	0.0398776	15.645	-39.552	-1315.112	0.1135515	0	Stray Markers	651715	1	OK	1.0000000	0.0000000	0.0000000	0.0000000	0.000	0.000	0.000	0.0000000	1	OK	70.422	-18.835	-1237.556
2	Port 2: NDI 8700340  s/n:34802401	651718	1	OK	0.6222962	0.2637469	-0.7359320	0.0398642	15.655	-39.546	-1315.159	0.1126560	0	Stray Markers	651718	1	OK	1.0000000	0.0000000	0.0000000	0.0000000	0.000	0.000	0.000	0.0000000	1	OK	70.426	-18.842	-1237.673
2	Port 2: NDI 8700340  s/n:34802401	651721	1	OK	0.6220523	0.2637625	-0.7361176	0.0401396	15.659	-39.541	-1315.140	0.1098629	0	Stray Markers	651721	1	OK	1.0000000	0.0000000	0.0000000	0.0000000	0.000	0.000	0.000	0.0000000	1	OK	70.400	-18.894	-1237.382
2	Port 2: NDI 8700340  s/n:34802401	651724	1	OK	0.6223082	0.2638347	-0.7359020	0.0396496	15.622	-39.545	-1315.155	0.1118100	0	Stray Markers	651724	1	OK	1.0000000	0.0000000	0.0000000	0.0000000	0.000	0.000	0.000	0.0000000	1	OK	70.514	-19.245	-1238.153
2	Port 2: NDI 8700340  s/n:34802401	651727	1	OK	0.6227193	0.2643421	-0.7353654	0.0397696	15.208	-39.620	-1315.519	0.1115500	0	Stray Markers	651727	1	OK	1.0000000	0.0000000	0.0000000	0.0000000	0.000	0.000	0.000	0.0000000	1	OK	70.491	-19.377	-1237.913
2	Port 2: NDI 8700340  s/n:34802401	651730	1	OK	0.6212401	0.2661053	-0.7360066	0.0392806	15.171	-39.582	-1315.546	0.1113910	0	Stray Markers	651730	1	OK	1.0000000	0.0000000	0.0000000	0.0000000	0.000	0.000	0.000	0.0000000	1	OK	70.363	-19.198	-1236.862
2	Port 2: NDI 8700340  s/n:34802401	651733	1	OK	0.6200997	0.2670630	-0.7366110	0.0394697	15.180	-39.570	-1315.657	0.1146603	0	Stray Markers	651733	1	OK	1.0000000	0.0000000	0.0000000	0.0000000	0.000	0.000	0.000	0.0000000	1	OK	70.369	-19.307	-1236.704
2	Port 2: NDI 8700340  s/n:34802401	651736	1	OK	0.6197732	0.2673497	-0.7367728	0.0396380	15.191	-39.597	-1315.631	0.1159220	0	Stray Markers	651736	1	OK	1.0000000	0.0000000	0.0000000	0.0000000	0.000	0.000	0.000	0.0000000	1	OK	70.512	-19.671	-1237.670
2	Port 2: NDI 8700340  s/n:34802401	651739	1	OK	0.6184653	0.2695540	-0.7371111	0.0388391	15.194	-39.582	-1315.627	0.1178626	0	Stray Markers	651739	1	OK	1.0000000	0.0000000	0.0000000	0.0000000	0.000	0.000	0.000	0.0000000	1	OK	70.399	-19.609	-1236.516
2	Port 2: NDI 8700340  s/n:34802401	651742	1	OK	0.6174235	0.2714144	-0.7373359	0.0381868	15.215	-39.585	-1315.675	0.1182621	0	Stray Markers	651742	1	OK	1.0000000	0.0000000	0.0000000	0.0000000	0.000	0.000	0.000	0.0000000	1	OK	70.673	-20.667	-1238.361
2	Port 2: NDI 8700340  s/n:34802401	651745	1	OK	0.6169848	0.2716826	-0.7375932	0.0384011	15.228	-39.600	-1315.617	0.1260670	0	Stray Markers	651745	1	OK	1.0000000	0.0000000	0.0000000	0.0000000	0.000	0.000	0.000	0.0000000	1	OK	70.796	-21.264	-1239.678
2	Port 2: NDI 8700340  s/n:34802401	651748	1	OK	0.6165938	0.2737125	-0.7372196	0.0374270	15.217	-39.576	-1315.565	0.1219219	0	Stray Markers	651748	1	OK	1.0000000	0.0000000	0.0000000	0.0000000	0.000	0.000	0.000	0.0000000	1	OK	70.890	-21.699	-1239.963
2	Port 2: NDI 8700340  s/n:34802401	651751	1	OK	0.6157197	0.2754031	-0.7373442	0.0369571	15.187	-39.581	-1315.484	0.1259151	0	Stray Markers	651751	1	OK	1.0000000	0.0000000	0.0000000	0.0000000	0.000	0.000	0.000	0.0000000	1	OK	70.819	-22.096	-1237.814
2	Port 2: NDI 8700340  s/n:34802401	651754	1	OK	0.6152802	0.2769159	-0.7371457	0.0369329	15.123	-39.591	-1315.640	0.1207287	0	Stray Markers	651754	1	OK	1.0000000	0.0000000	0.0000000	0.0000000	0.000	0.000	0.000	0.0000000	1	OK	70.899	-22.835	-1237.818
2	Port 2: NDI 8700340  s/n:34802401	651757	1	OK	0.6154543	0.2779243	-0.7366070	0.0372056	14.854	-39.592	-1316.019	0.1199446	0	Stray Markers	651757	1	OK	1.0000000	0.0000000	0.0000000	0.0000000	0.000	0.000	0.000	0.0000000	1	OK	70.974	-23.417	-1238.537
2	Port 2: NDI 8700340  s/n:34802401	651760	1	OK	0.6150765	0.2795304	-0.7363169	0.0371629	14.581	-39.615	-1316.309	0.1215073	0	Stray Markers	651760	1	OK	1.0000000	0.0000000	0.0000000	0.0000000	0.000	0.000	0.000	0.0000000	1	OK	71.026	-23.720	-1239.097
2	Port 2: NDI 8700340  s/n:34802401	651763	1	OK	0.6150138	0.2804432	-0.7359913	0.0377690	14.232	-39.648	-1316.587	0.1244152	0	Stray Markers	651763	1	OK	1.0000000	0.0000000	0.0000000	0.0000000	0.000	0.000	0.000	0.0000000	1	OK	71.071	-23.972	-1239.213
2	Port 2: NDI 8700340  s/n:34802401	651766	1	OK	0.6149641	0.2817653	-0.7355222	0.0378769	13.934	-39.671	-1316.945	0.1243388	0	Stray Markers	651766	1	OK	1.0000000	0.0000000	0.0000000	0.0000000	0.000	0.000	0.000	0.0000000	1	OK	71.056	-23.866	-1239.182
2	Port 2: NDI 8700340  s/n:34802401	651769	1	OK	0.6146624	0.2834289	-0.7351177	0.0382123	13.718	-39.648	-1317.258	0.1158774	0	Stray Markers	651769	1	OK	1.0000000	0.0000000	0.0000000	0.0000000	0.000	0.000	0.000	0.0000000	1	OK	71.040	-23.785	-1239.185
2	Port 2: NDI 8700340  s/n:34802401	651772	1	OK	0.6140929	0.2857230	-0.7346848	0.0386079	13.355	-39.667	-1317.612	0.1226133	0	Stray Markers	651772	1	OK	1.0000000	0.0000000	0.0000000	0.0000000	0.000	0.000	0.000	0.0000000	1	OK	71.013	-23.624	-1239.077
2	Port 2: NDI 8700340  s/n:34802401	651775	1	OK	0.6132592	0.2870274	-0.7348370	0.0392815	13.306	-39.655	-1317.747	0.1161764	0	Stray Markers	651775	1	OK	1.0000000	0.0000000	0.0000000	0.0000000	0.000	0.000	0.000	0.0000000	1	OK	71.045	-23.807	-1239.151
2	Port 2: NDI 8700340  s/n:34802401	651778	1	OK	0.6134121	0.2877810	-0.7344292	0.0390060	13.249	-39.647	-1317.884	0.1148613	0	Stray Markers	651778	1	OK	1.0000000	0.0000000	0.0000000	0.0000000	0.000	0.000	0.000	0.0000000	1	OK	71.043	-24.083	-1238.978
2	Port 2: NDI 8700340  s/n:34802401	651781	1	OK	0.6136554	0.2888009	-0.7338421	0.0386891	13.114	-39.558	-1318.068	0.1165238	0	Stray Markers	651781	1	OK	1.0000000	0.0000000	0.0000000	0.0000000	0.000	0.000	0.000	0.0000000	1	OK	71.011	-24.491	-1238.273
2	Port 2: NDI 8700340  s/n:34802401	651784	1	OK	0.6131985	0.2901841	-0.7336699	0.0388505	12.957	-39.491	-1318.190	0.1200029	0	Stray Markers	651784	1	OK	1.0000000	0.0000000	0.0000000	0.0000000	0.000	0.000	0.000	0.0000000	1	OK	71.057	-24.693	-1238.255
2	Port 2: NDI 8700340  s/n:34802401	651787	1	OK	0.6135363	0.2899086	-0.7334601	0.0395282	12.814	-39.446	-1318.392	0.1097312	0	Stray Markers	651787	1	OK	1.0000000	0.0000000	0.0000000	0.0000000	0.000	0.000	0.000	0.0000000	1	OK	71.063	-24.710	-1238.212
2	Port 2: NDI 8700340  s/n:34802401	651790	1	OK	0.6136792	0.2910542	-0.7329153	0.0389935	12.747	-39.405	-1318.365	0.1178036	0	Stray Markers	651790	1	OK	1.0000000	0.0000000	0.0000000	0.0000000	0.000	0.000	0.000	0.0000000	1	OK	71.106	-24.912	-1238.323
2	Port 2: NDI 8700340  s/n:34802401	651793	1	OK	0.6139259	0.2905990	-0.7328752	0.0392589	12.751	-39.409	-1318.399	0.1183622	0	Stray Markers	651793	1	OK	1.0000000	0.0000000	0.0000000	0.0000000	0.000	0.000	0.000	0.0000000	1	OK	71.123	-24.962	-1238.329
2	Port 2: NDI 8700340  s/n:34802401	651796	1	OK	0.6141665	0.2908673	-0.7325791	0.0390329	12.724	-39.399	-1318.313	0.1195734	0	Stray Markers	651796	1	OK	1.0000000	0.0000000	0.0000000	0.0000000	0.000	0.000	0.000	0.0000000	1	OK	71.124	-25.025	-1238.380
2	Port 2: NDI 8700340  s/n:34802401	651799	1	OK	0.6143130	0.2911710	-0.7323403	0.0389441	12.727	-39.387	-1318.415	0.1207444	0	Stray Markers	651799	1	OK	1.0000000	0.0000000	0.0000000	0.0000000	0.000	0.000	0.000	0.0000000	1	OK	71.137	-25.167	-1238.487
2	Port 2: NDI 8700340  s/n:34802401	651802	1	OK	0.6144394	0.2911872	-0.7322270	0.0389606	12.701	-39.378	-1318.374	0.1184232	0	Stray Markers	651802	1	OK	1.0000000	0.0000000	0.0000000	0.0000000	0.000	0.000	0.000	0.0000000	1	OK	71.172	-25.399	-1238.671
2	Port 2: NDI 8700340  s/n:34802401	651805	1	OK	0.6144300	0.2923880	-0.7317855	0.0384073	12.638	-39.303	-1318.420	0.1232343	0	Stray Markers	651805	1	OK	1.0000000	0.0000000	0.0000000	0.0000000	0.000	0.000	0.000	0.0000000	1	OK	71.261	-25.826	-1239.103
2	Port 2: NDI 8700340  s/n:34802401	651808	1	OK	0.6146448	0.2930095	-0.7313481	0.0385631	12.524	-39.193	-1318.575	0.1134175	0	Stray Markers	651808	1	OK	1.0000000	0.0000000	0.0000000	0.0000000	0.000	0.000	0.000	0.0000000	1	OK	71.275	-25.880	-1239.129
2	Port 2: NDI 8700340  s/n:34802401	651811	1	OK	0.6146728	0.2934536	-0.7311238	0.0389903	12.403	-39.078	-1318.596	0.1264044	0	Stray Markers	651811	1	OK	1.0000000	0.0000000	0.0000000	0.0000000	0.000	0.000	0.000	0.0000000	1	OK	71.201	-25.521	-1238.763
2	Port 2: NDI 8700340  s/n:34802401	651814	1	OK	0.6148018	0.2946439	-0.7305565	0.0386125	12.354	-38.960	-1318.752	0.1216611	0	Stray Markers	651814	1	OK	1.0000000	0.0000000	0.0000000	0.0000000	0.000	0.000	0.000	0.0000000	1	OK	71.161	-25.346	-1238.519
2	Port 2: NDI 8700340  s/n:34802401	651817	1	OK	0.6149261	0.2949026	-0.7303488	0.0385869	12.338	-38.937	-1318.814	0.1190671	0	Stray Markers	651817	1	OK	1.0000000	0.0000000	0.0000000	0.0000000	0.000	0.000	0.000	0.0000000	1	OK	71.157	-25.305	-1238.482
2	Port 2: NDI 8700340  s/n:34802401	651820	1	OK	0.6149660	0.2951576	-0.7302106	0.0386171	12.350	-38.920	-1318.846	0.1173243	0	Stray Markers	651820	1	OK	1.0000000	0.0000000	0.0000000	0.0000000	0.000	0.000	0.000	0.0000000	1	OK	71.147	-25.261	-1238.503
2	Port 2: NDI 8700340  s/n:34802401	651823	1	OK	0.6145921	0.2955286	-0.7303907	0.0383247	12.346	-38.961	-1318.732	0.1219235	0	Stray Markers	651823	1	OK	1.0000000	0.0000000	0.0000000	0.0000000	0.000	0.000	0.000	0.0000000	1	OK	71.148	-25.214	-1238.404
2	Port 2: NDI 8700340  s/n:34802401	651826	1	OK	0.6149883	0.2950654	-0.7302221	0.0387482	12.364	-38.940	-1318.852	0.1179657	0	Stray Markers	651826	1	OK	1.0000000	0.0000000	0.0000000	0.0000000	0.000	0.000	0.000	0.0000000	1	OK	71.150	-25.218	-1238.452
2	Port 2: NDI 8700340  s/n:34802401	651829	1	OK	0.6147193	0.2949842	-0.7304753	0.0388628	12.384	-38.997	-1318.732	0.1198648	0	Stray Markers	651829	1	OK	1.0000000	0.0000000	0.0000000	0.0000000	0.000	0.000	0.000	0.0000000	1	OK	71.157	-25.251	-1238.506
2	Port 2: NDI 8700340  s/n:34802401	651832	1	OK	0.6150317	0.2955273	-0.7300119	0.0384983	12.387	-38.962	-1318.816	0.1184294	0	Stray Markers	651832	1	OK	1.0000000	0.0000000	0.0000000	0.0000000	0.000	0.000	0.000	0.0000000	1	OK	71.164	-25.295	-1238.512
2	Port 2: NDI 8700340  s/n:34802401	651835	1	OK	0.6149780	0.2950901	-0.7302277	0.0386203	12.413	-38.998	-1318.777	0.1120469	0	Stray Markers	651835	1	OK	1.0000000	0.0000000	0.0000000	0.0000000	0.000	0.000	0.000	0.0000000	1	OK	71.163	-25.373	-1238.515
2	Port 2: NDI 8700340  s/n:34802401	651838	1	OK	0.6151386	0.2947461	-0.7302199	0.0388350	12.414	-39.000	-1318.753	0.1227913	0	Stray Markers	651838	1	OK	1.0000000	0.0000000	0.0000000	0.0000000	0.000	0.000	0.000	0.0000000	1	OK	71.179	-25.440	-1238.627
2	Port 2: NDI 8700340  s/n:34802401	651841	1	OK	0.6156497	0.2943090	-0.7299707	0.0387359	12.424	-39.004	-1318.773	0.1174379	0	Stray Markers	651841	1	OK	1.0000000	0.0000000	0.0000000	0.0000000	0.000	0.000	0.000	0.0000000	1	OK	71.206	-25.532	-1238.743
2	Port 2: NDI 8700340  s/n:34802401	651844	1	OK	0.6156768	0.2947354	-0.7297915	0.0384396	12.433	-39.004	-1318.787	0.1160888	0	Stray Markers	651844	1	OK	1.0000000	0.0000000	0.0000000	0.0000000	0.000	0.000	0.000	0.0000000	1	OK	71.242	-25.654	-1238.885
2	Port 2: NDI 8700340  s/n:34802401	651847	1	OK	0.6154136	0.2948536	-0.7299608	0.0385325	12.423	-39.018	-1318.764	0.1205104	0	Stray Markers	651847	1	OK	1.0000000	0.0000000	0.0000000	0.0000000	0.000	0.000	0.000	0.0000000	1	OK	71.253	-25.743	-1238.942
2	Port 2: NDI 8700340  s/n:34802401	651850	1	OK	0.6160504	0.2942380	-0.7296733	0.0385057	12.444	-39.027	-1318.790	0.1160298	0	Stray Markers	651850	1	OK	1.0000000	0.0000000	0.0000000	0.0000000	0.000	0.000	0.000	0.0000000	1	OK	71.260	-25.786	-1239.023
2	Port 2: NDI 8700340  s/n:34802401	651853	1	OK	0.6156268	0.2951522	-0.7296756	0.0382399	12.452	-39.016	-1318.824	0.1128218	0	Stray Markers	651853	1	OK	1.0000000	0.0000000	0.0000000	0.0000000	0.000	0.000	0.000	0.0000000	1	OK	71.261	-25.817	-1238.970
2	Port 2: NDI 8700340  s/n:34802401	651856	1	OK	0.6157274	0.2945592	-0.7298335	0.0381804	12.438	-39.051	-1318.730	0.1207987	0	Stray Markers	651856	1	OK	1.0000000	0.0000000	0.0000000	0.0000000	0.000	0.000	0.000	0.0000000	1	OK	71.281	-25.911	-1239.170
2	Port 2: NDI 8700340  s/n:34802401	651859	1	OK	0.6159482	0.2936718	-0.7299877	0.0385057	12.473	-39.100	-1318.656	0.1163392	0	Stray Markers	651859	1	OK	1.0000000	0.0000000	0.0000000	0.0000000	0.000	0.000	0.000	0.0000000	1	OK	71.307	-26.111	-1239.375
2	Port 2: NDI 8700340  s/n:34802401	651862	1	OK	0.6159398	0.2931205	-0.7302169	0.0384956	12.476	-39.108	-1318.629	0.1223362	0	Stray Markers	651862	1	OK	1.0000000	0.0000000	0.0000000	0.0000000	0.000	0.000	0.000	0.0000000	1	OK	71.320	-26.174	-1239.492
2	Port 2: NDI 8700340  s/n:34802401	651865	1	OK	0.6160186	0.2932805	-0.7301145	0.0379536	12.475	-39.120	-1318.569	0.1269339	0	Stray Markers	651865	1	OK	1.0000000	0.0000000	0.0000000	0.0000000	0.000	0.000	0.000	0.0000000	1	OK	71.305	-26.182	-1239.426
2	Port 2: NDI 8700340  s/n:34802401	651868	1	OK	0.6161149	0.2931615	-0.7300758	0.0380542	12.494	-39.118	-1318.673	0.1183817	0	Stray Markers	651868	1	OK	1.0000000	0.0000000	0.0000000	0.0000000	0.000	0.000	0.000	0.0000000	1	OK	71.314	-26.207	-1239.448
2	Port 2: NDI 8700340  s/n:34802401	651871	1	OK	0.6162813	0.2929611	-0.7300178	0.0380147	12.493	-39.113	-1318.679	0.1193362	0	Stray Markers	651871	1	OK	1.0000000	0.0000000	0.0000000	0.0000000	0.000	0.000	0.000	0.0000000	1	OK	71.318	-26.197	-1239.479
2	Port 2: NDI 8700340  s/n:34802401	651874	1	OK	0.6162039	0.2931903	-0.7299969	0.0379041	12.490	-39.101	-1318.653	0.1205336	0	Stray Markers	651874	1	OK	1.0000000	0.0000000	0.0000000	0.0000000	0.000	0.000	0.000	0.0000000	1	OK	71.310	-26.191	-1239.419
2	Port 2: NDI 8700340  s/n:34802401	651877	1	OK	0.6163949	0.2929990	-0.7299195	0.0377680	12.504	-39.130	-1318.629	0.1200905	0	Stray Markers	651877	1	OK	1.0000000	0.0000000	0.0000000	0.0000000	0.000	0.000	0.000	0.0000000	1	OK	71.320	-26.259	-1239.522
2	Port 2: NDI 8700340  s/n:34802401	651880	1	OK	0.6165742	0.2929362	-0.7297879	0.0378731	12.511	-39.123	-1318.685	0.1187624	0	Stray Markers	651880	1	OK	1.0000000	0.0000000	0.0000000	0.0000000	0.000	0.000	0.000	0.0000000	1	OK	71.317	-26.310	-1239.588
2	Port 2: NDI 8700340  s/n:34802401	651883	1	OK	0.6165009	0.2929551	-0.7298444	0.0378291	12.523	-39.143	-1318.688	0.1179489	0	Stray Markers	651883	1	OK	1.0000000	0.0000000	0.0000000	0.0000000	0.000	0.000	0.000	0.0000000	1	OK	71.310	-26.341	-1239.575
2	Port 2: NDI 8700340  s/n:34802401	651886	1	OK	0.6165583	0.2931436	-0.7297333	0.0375772	12.511	-39.159	-1318.560	0.1229860	0	Stray Markers	651886	1	OK	1.0000000	0.0000000	0.0000000	0.0000000	0.000	0.000	0.000	0.0000000	1	OK	71.313	-26.407	-1239.584
2	Port 2: NDI 8700340  s/n:34802401	651889	1	OK	0.6167895	0.2935532	-0.7293962	0.0371274	12.521	-39.157	-1318.610	0.1243188	0	Stray Markers	651889	1	OK	1.0000000	0.0000000	0.0000000	0.0000000	0.000	0.000	0.000	0.0000000	1	OK	71.317	-26.475	-1239.642
2	Port 2: NDI 8700340  s/n:34802401	651892	1	OK	0.6167158	0.2935598	-0.7294550	0.0371419	12.509	-39.151	-1318.577	0.1227480	0	Stray Markers	651892	1	OK	1.0000000	0.0000000	0.0000000	0.0000000	0.000	0.000	0.000	0.0000000	1	OK	71.321	-26.487	-1239.729
2	Port 2: NDI 8700340  s/n:34802401	651895	1	OK	0.6172427	0.2929145	-0.7292602	0.0373100	12.532	-39.174	-1318.592	0.1205893	0	Stray Markers	651895	1	OK	1.0000000	0.0000000	0.0000000	0.0000000	0.000	0.000	0.000	0.0000000	1	OK	71.315	-26.588	-1239.672
2	Port 2: NDI 8700340  s/n:34802401	651898	1	OK	0.6169582	0.2932161	-0.7293763	0.0373782	12.526	-39.184	-1318.553	0.1206868	0	Stray Markers	651898	1	OK	1.0000000	0.0000000	0.0000000	0.0000000	0.000	0.000	0.000	0.0000000	1	OK	71.315	-26.683	-1239.737
2	Port 2: NDI 8700340  s/n:34802401	651901	1	OK	0.6171002	0.2932503	-0.7292548	0.0371359	12.540	-39.181	-1318.591	0.1226118	0	Stray Markers	651901	1	OK	1.0000000	0.0000000	0.0000000	0.0000000	0.000	0.000	0.000	0.0000000	1	OK	71.320	-26.748	-1239.662
2	Port 2: NDI 8700340  s/n:34802401	651904	1	OK	0.6175515	0.2928672	-0.7290320	0.0370310	12.538	-39.173	-1318.547	0.1241693	0	Stray Markers	651904	1	OK	1.0000000	0.0000000	0.0000000	0.0000000	0.000	0.000	0.000	0.0000000	1	OK	71.317	-26.809	-1239.617
2	Port 2: NDI 8700340  s/n:34802401	651907	1	OK	0.6175997	0.2924860	-0.7291312	0.0372855	12.559	-39.190	-1318.601	0.1240088	0	Stray Markers	651907	1	OK	1.0000000	0.0000000	0.0000000	0.0000000	0.000	0.000	0.000	0.0000000	1	OK	71.322	-26.838	-1239.630
2	Port 2: NDI 8700340  s/n:34802401	651910	1	OK	0.6178192	0.2919453	-0.7291582	0.0373601	12.559	-39.197	-1318.579	0.1219585	0	Stray Markers	651910	1	OK	1.0000000	0.0000000	0.0000000	0.0000000	0.000	0.000	0.000	0.0000000	1	OK	71.319	-26.858	-1239.601
2	Port 2: NDI 8700340  s/n:34802401	651913	1	OK	0.6180345	0.2919541	-0.7289890	0.0370292	12.553	-39.179	-1318.563	0.1195295	0	Stray Markers	651913	1	OK	1.0000000	0.0000000	0.0000000	0.0000000	0.000	0.000	0.000	0.0000000	1	OK	71.316	-26.868	-1239.542
2	Port 2: NDI 8700340  s/n:34802401	651916	1	OK	0.6179968	0.2918257	-0.7290746	0.0369860	12.566	-39.187	-1318.578	0.1212697	0	Stray Markers	651916	1	OK	1.0000000	0.0000000	0.0000000	0.0000000	0.000	0.000	0.000	0.0000000	1	OK	71.317	-26.870	-1239.513
2	Port 2: NDI 8700340  s/n:34802401	651919	1	OK	0.6181477	0.2913417	-0.7291311	0.0371659	12.576	-39.220	-1318.488	0.1226617	0	Stray Markers	651919	1	OK	1.0000000	0.0000000	0.0000000	0.0000000	0.000	0.000	0.000	0.0000000	1	OK	71.320	-26.898	-1239.514
2	Port 2: NDI 8700340  s/n:34802401	651922	1	OK	0.6181125	0.2915698	-0.7290813	0.0369379	12.568	-39.214	-1318.484	0.1242470	0	Stray Markers	651922	1	OK	1.0000000	0.0000000	0.0000000	0.0000000	0.000	0.000	0.000	0.0000000	1	OK	71.312	-26.903	-1239.468
2	Port 2: NDI 8700340  s/n:34802401	651925	1	OK	0.6184491	0.2910449	-0.7289934	0.0371783	12.592	-39.217	-1318.556	0.1188998	0	Stray Markers	651925	1	OK	1.0000000	0.0000000	0.0000000	0.0000000	0.000	0.000	0.000	0.0000000	1	OK	71.322	-26.924	-1239.486
2	Port 2: NDI 8700340  s/n:34802401	651928	1	OK	0.6185778	0.2913468	-0.7287775	0.0369053	12.587	-39.207	-1318.586	0.1207309	0	Stray Markers	651928	1	OK	1.0000000	0.0000000	0.0000000	0.0000000	0.000	0.000	0.000	0.0000000	1	OK	71.306	-26.931	-1239.446
2	Port 2: NDI 8700340  s/n:34802401	651931	1	OK	0.6187659	0.2913426	-0.7286209	0.0368754	12.596	-39.206	-1318.581	0.1253918	0	Stray Markers	651931	1	OK	1.0000000	0.0000000	0.0000000	0.0000000	0.000	0.000	0.000	0.0000000	1	OK	71.311	-26.947	-1239.471
2	Port 2: NDI 8700340  s/n:34802401	651934	1	OK	0.6188255	0.2910447	-0.7286763	0.0371325	12.614	-39.222	-1318.629	0.1154851	0	Stray Markers	651934	1	OK	1.0000000	0.0000000	0.0000000	0.0000000	0.000	0.000	0.000	0.0000000	1	OK	71.308	-26.968	-1239.449
2	Port 2: NDI 8700340  s/n:34802401	651937	1	OK	0.6186823	0.2914584	-0.7286517	0.0367554	12.592	-39.242	-1318.444	0.1270517	0	Stray Markers	651937	1	OK	1.0000000	0.0000000	0.0000000	0.0000000	0.000	0.000	0.000	0.0000000	1	OK	71.302	-27.015	-1239.435
2	Port 2: NDI 8700340  s/n:34802401	651940	1	OK	0.6185589	0.2917732	-0.7286359	0.0366471	12.600	-39.236	-1318.474	0.1231336	0	Stray Markers	651940	1	OK	1.0000000	0.0000000	0.0000000	0.0000000	0.000	0.000	0.000	0.0000000	1	OK	71.299	-27.030	-1239.459
2	Port 2: NDI 8700340  s/n:34802401	651943	1	OK	0.6188145	0.2913828	-0.7285629	0.0368880	12.621	-39.258	-1318.488	0.1218710	0	Stray Markers	651943	1	OK	1.0000000	0.0000000	0.0000000	0.0000000	0.000	0.000	0.000	0.0000000	1	OK	71.290	-27.057	-1239.496
2	Port 2: NDI 8700340  s/n:34802401	651946	1	OK	0.6192658	0.2918092	-0.7280427	0.0362084	12.621	-39.254	-1318.512	0.1217396	0	Stray Markers	651946	1	OK	1.0000000	0.0000000	0.0000000	0.0000000	0.000	0.000	0.000	0.0000000	1	OK	71.297	-27.099	-1239.497
2	Port 2: NDI 8700340  s/n:34802401	651949	1	OK	0.6192323	0.2913690	-0.7282257	0.0366432	12.629	-39.253	-1318.499	0.1189523	0	Stray Markers	651949	1	OK	1.0000000	0.0000000	0.0000000	0.0000000	0.000	0.000	0.000	0.0000000	1	OK	71.293	-27.128	-1239.521
2	Port 2: NDI 8700340  s/n:34802401	651952	1	OK	0.6196429	0.2910562	-0.7279953	0.0367676	12.654	-39.248	-1318.570	0.1140482	0	Stray Markers	651952	1	OK	1.0000000	0.0000000	0.0000000	0.0000000	0.000	0.000	0.000	0.0000000	1	OK	71.287	-27.136	-1239.506
2	Port 2: NDI 8700340  s/n:34802401	651955	1	OK	0.6195411	0.2911502	-0.7280379	0.0368941	12.638	-39.257	-1318.536	0.1210330	0	Stray Markers	651955	1	OK	1.0000000	0.0000000	0.0000000	0.0000000	0.000	0.000	0.000	0.0000000	1	OK	71.288	-27.153	-1239.534
2	Port 2: NDI 8700340  s/n:34802401	651958	1	OK	0.6195633	0.2908038	-0.7281420	0.0371998	12.645	-39.280	-1318.476	0.1226150	0	Stray Markers	651958	1	OK	1.0000000	0.0000000	0.0000000	0.0000000	0.000	0.000	0.000	0.0000000	1	OK	71.287	-27.182	-1239.561
2	Port 2: NDI 8700340  s/n:34802401	651961	1	OK	0.6196374	0.2910410	-0.7279918	0.0370478	12.634	-39.266	-1318.467	0.1233320	0	Stray Markers	651961	1	OK	1.0000000	0.0000000	0.0000000	0.0000000	0.000	0.000	0.000	0.0000000	1	OK	71.279	-27.193	-1239.540
2	Port 2: NDI 8700340  s/n:34802401	651964	1	OK	0.6197347	0.2907454	-0.7280189	0.0372084	12.650	-39.308	-1318.431	0.1221981	0	Stray Markers	651964	1	OK	1.0000000	0.0000000	0.0000000	0.0000000	0.000	0.000	0.000	0.0000000	1	OK	71.278	-27.222	-1239.558
2	Port 2: NDI 8700340  s/n:34802401	651967	1	OK	0.6201263	0.2904341	-0.7278051	0.0372972	12.652	-39.291	-1318.412	0.1210918	0	Stray Markers	651967	1	OK	1.0000000	0.0000000	0.0000000	0.0000000	0.000	0.000	0.000	0.0000000	1	OK	71.272	-27.254	-1239.587
2	Port 2: NDI 8700340  s/n:34802401	651970	1	OK	0.6205129	0.2902075	-0.7275753	0.0371151	12.663	-39.297	-1318.464	0.1178869	0	Stray Markers	651970	1	OK	1.0000000	0.0000000	0.0000000	0.0000000	0.000	0.000	0.000	0.0000000	1	OK	71.260	-27.294	-1239.544
2	Port 2: NDI 8700340  s/n:34802401	651973	1	OK	0.6205721	0.2899104	-0.7276344	0.0372880	12.663	-39.298	-1318.442	0.1201733	0	Stray Markers	651973	1	OK	1.0000000	0.0000000	0.0000000	0.0000000	0.000	0.000	0.000	0.0000000	1	OK	71.257	-27.302	-1239.598
2	Port 2: NDI 8700340  s/n:34802401	651976	1	OK	0.6209803	0.2890515	-0.7276040	0.0377506	12.682	-39.313	-1318.417	0.1209735	0	Stray Markers	651976	1	OK	1.0000000	0.0000000	0.0000000	0.0000000	0.000	0.000	0.000	0.0000000	1	OK	71.250	-27.335	-1239.519
2	Port 2: NDI 8700340  s/n:34802401	651979	1	OK	0.6209348	0.2890947	-0.7276279	0.0377084	12.678	-39.317	-1318.374	0.1219263	0	Stray Markers	651979	1	OK	1.0000000	0.0000000	0.0000000	0.0000000	0.000	0.000	0.000	0.0000000	1	OK	71.246	-27.377	-1239.513
2	Port 2: NDI 8700340  s/n:34802401	651982	1	OK	0.6212953	0.2888620	-0.7274052	0.0378480	12.709	-39.313	-1318.450	0.1127711	0	Stray Markers	651982	1	OK	1.0000000	0.0000000	0.0000000	0.0000000	0.000	0.000	0.000	0.0000000	1	OK	71.255	-27.385	-1239.433
2	Port 2: NDI 8700340  s/n:34802401	651985	1	OK	0.6215360	0.2881731	-0.7274481	0.0383211	12.696	-39.294	-1318.466	0.1168234	0	Stray Markers	651985	1	OK	1.0000000	0.0000000	0.0000000	0.0000000	0.000	0.000	0.000	0.0000000	1	OK	71.249	-27.412	-1239.361
2	Port 2: NDI 8700340  s/n:34802401	651988	1	OK	0.6215212	0.2888757	-0.7272051	0.0378804	12.693	-39.291	-1318.444	0.1217836	0	Stray Markers	651988	1	OK	1.0000000	0.0000000	0.0000000	0.0000000	0.000	0.000	0.000	0.0000000	1	OK	71.261	-27.439	-1239.295
2	Port 2: NDI 8700340  s/n:34802401	651991	1	OK	0.6215456	0.2886814	-0.7272511	0.0380780	12.698	-39.301	-1318.426	0.1185250	0	Stray Markers	651991	1	OK	1.0000000	0.0000000	0.0000000	0.0000000	0.000	0.000	0.000	0.0000000	1	OK	71.263	-27.457	-1239.197
2	Port 2: NDI 8700340  s/n:34802401	651994	1	OK	0.6217492	0.2880916	-0.7272844	0.0385828	12.727	-39.303	-1318.479	0.1144014	0	Stray Markers	651994	1	OK	1.0000000	0.0000000	0.0000000	0.0000000	0.000	0.000	0.000	0.0000000	1	OK	71.254	-27.488	-1239.148
2	Port 2: NDI 8700340  s/n:34802401	651997	1	OK	0.6214497	0.2892033	-0.7271328	0.0379423	12.707	-39.310	-1318.396	0.1222194	0	Stray Markers	651997	1	OK	1.0000000	0.0000000	0.0000000	0.0000000	0.000	0.000	0.000	0.0000000	1	OK	71.246	-27.502	-1239.120
2	Port 2: NDI 8700340  s/n:34802401	652000	1	OK	0.6216678	0.2887143	-0.7271295	0.0381545	12.708	-39.322	-1318.401	0.1196604	0	Stray Markers	652000	1	OK	1.0000000	0.0000000	0.0000000	0.0000000	0.000	0.000	0.000	0.0000000	1	OK	71.228	-27.515	-1239.047
2	Port 2: NDI 8700340  s/n:34802401	652003	1	OK	0.6214827	0.2887038	-0.7272837	0.0383127	12.695	-39.333	-1318.264	0.1247082	0	Stray Markers	652003	1	OK	1.0000000	0.0000000	0.0000000	0.0000000	0.000	0.000	0.000	0.0000000	1	OK	71.237	-27.549	-1239.078
2	Port 2: NDI 8700340  s/n:34802401	652006	1	OK	0.6215124	0.2889844	-0.7271618	0.0380263	12.712	-39.318	-1318.391	0.1184650	0	Stray Markers	652006	1	OK	1.0000000	0.0000000	0.0000000	0.0000000	0.000	0.000	0.000	0.0000000	1	OK	71.239	-27.562	-1239.123
2	Port 2: NDI 8700340  s/n:34802401	652009	1	OK	0.6217125	0.2886127	-0.7271229	0.0383222	12.728	-39.315	-1318.429	0.1160844	0	Stray Markers	652009	1	OK	1.0000000	0.0000000	0.0000000	0.0000000	0.000	0.000	0.000	0.0000000	1	OK	71.237	-27.567	-1239.087
2	Port 2: NDI 8700340  s/n:34802401	652012	1	OK	0.6216737	0.2885343	-0.7271860	0.0383438	12.730	-39.315	-1318.401	0.1189983	0	Stray Markers	652012	1	OK	1.0000000	0.0000000	0.0000000	0.0000000	0.000	0.000	0.000	0.0000000	1	OK	71.233	-27.580	-1239.046
2	Port 2: NDI 8700340  s/n:34802401	652015	1	OK	0.6216451	0.2887524	-0.7271330	0.0381702	12.722	-39.319	-1318.391	0.1165287	0	Stray Markers	652015	1	OK	1.0000000	0.0000000	0.0000000	0.0000000	0.000	0.000	0.000	0.0000000	1	OK	71.233	-27.587	-1239.030
2	Port 2: NDI 8700340  s/n:34802401	652018	1	OK	0.6215084	0.2885316	-0.7273253	0.0384016	12.712	-39.326	-1318.323	0.1180880	0	Stray Markers	652018	1	OK	1.0000000	0.0000000	0.0000000	0.0000000	0.000	0.000	0.000	0.0000000	1	OK	71.232	-27.597	-1239.078
2	Port 2: NDI 8700340  s/n:34802401	652021	1	OK	0.6216567	0.2886954	-0.7271509	0.0380733	12.725	-39.334	-1318.386	0.1194069	0	Stray Markers	652021	1	OK	1.0000000	0.0000000	0.0000000	0.0000000	0.000	0.000	0.000	0.0000000	1	OK	71.240	-27.591	-1239.096
2	Port 2: NDI 8700340  s/n:34802401	652024	1	OK	0.6215260	0.2892948	-0.7270384	0.0378044	12.736	-39.328	-1318.374	0.1145107	0	Stray Markers	652024	1	OK	1.0000000	0.0000000	0.0000000	0.0000000	0.000	0.000	0.000	0.0000000	1	OK	71.232	-27.606	-1239.075
2	Port 2: NDI 8700340  s/n:34802401	652027	1	OK	0.6215755	0.2893147	-0.7270013	0.0375509	12.727	-39.329	-1318.397	0.1192152	0	Stray Markers	652027	1	OK	1.0000000	0.0000000	0.0000000	0.0000000	0.000	0.000	0.000	0.0000000	1	OK	71.227	-27.610	-1239.078
2	Port 2: NDI 8700340  s/n:34802401	652030	1	OK	0.6214140	0.2893240	-0.7271313	0.0376348	12.711	-39.337	-1318.280	0.1217603	0	Stray Markers	652030	1	OK	1.0000000	0.0000000	0.0000000	0.0000000	0.000	0.000	0.000	0.0000000	1	OK	71.227	-27.614	-1239.025
2	Port 2: NDI 8700340  s/n:34802401	652033	1	OK	0.6215807	0.2892578	-0.7270086	0.0377605	12.732	-39.304	-1318.450	0.1176263	0	Stray Markers	652033	1	OK	1.0000000	0.0000000	0.0000000	0.0000000	0.000	0.000	0.000	0.0000000	1	OK	71.232	-27.627	-1239.158
2	Port 2: NDI 8700340  s/n:34802401	652036	1	OK	0.6213381	0.2889829	-0.7273120	0.0380144	12.725	-39.337	-1318.358	0.1200305	0	Stray Markers	652036	1	OK	1.0000000	0.0000000	0.0000000	0.0000000	0.000	0.000	0.000	0.0000000	1	OK	71.223	-27.613	-1239.087
2	Port 2: NDI 8700340  s/n:34802401	652039	1	OK	0.6214366	0.2893075	-0.7271204	0.0375990	12.721	-39.336	-1318.344	0.1189135	0	Stray Markers	652039	1	OK	1.0000000	0.0000000	0.0000000	0.0000000	0.000	0.000	0.000	0.0000000	1	OK	71.225	-27.612	-1239.082
2	Port 2: NDI 8700340  s/n:34802401	652042	1	OK	0.6213826	0.2891896	-0.7272056	0.0377500	12.735	-39.339	-1318.318	0.1205011	0	Stray Markers	652042	1	OK	1.0000000	0.0000000	0.0000000	0.0000000	0.000	0.000	0.000	0.0000000	1	OK	71.227	-27.610	-1239.096
2	Port 2: NDI 8700340  s/n:34802401	652045	1	OK	0.6215737	0.2894818	-0.7269338	0.0375983	12.746	-39.342	-1318.456	0.1171116	0	Stray Markers	652045	1	OK	1.0000000	0.0000000	0.0000000	0.0000000	0.000	0.000	0.000	0.0000000	1	OK	71.223	-27.620	-1239.074
2	Port 2: NDI 8700340  s/n:34802401	652048	1	OK	0.6216201	0.2897141	-0.7268213	0.0372158	12.731	-39.326	-1318.391	0.1191237	0	Stray Markers	652048	1	OK	1.0000000	0.0000000	0.0000000	0.0000000	0.000	0.000	0.000	0.0000000	1	OK	71.226	-27.617	-1239.086
2	Port 2: NDI 8700340  s/n:34802401	652051	1	OK	0.6216790	0.2893816	-0.7268874	0.0375247	12.750	-39.341	-1318.433	0.1177267	0	Stray Markers	652051	1	OK	1.0000000	0.0000000	0.0000000	0.0000000	0.000	0.000	0.000	0.0000000	1	OK	71.228	-27.604	-1239.094
2	Port 2: NDI 8700340  s/n:34802401	652054	1	OK	0.6214387	0.2896892	-0.7269771	0.0373959	12.734	-39.350	-1318.391	0.1223100	0	Stray Markers	652054	1	OK	1.0000000	0.0000000	0.0000000	0.0000000	0.000	0.000	0.000	0.0000000	1	OK	71.231	-27.619	-1239.106
2	Port 2: NDI 8700340  s/n:34802401	652057	1	OK	0.6217715	0.2894626	-0.7267828	0.0373951	12.744	-39.333	-1318.429	0.1192767	0	Stray Markers	652057	1	OK	1.0000000	0.0000000	0.0000000	0.0000000	0.000	0.000	0.000	0.0000000	1	OK	71.231	-27.619	-1239.121
2	Port 2: NDI 8700340  s/n:34802401	652060	1	OK	0.6216810	0.2901937	-0.7265914	0.0369495	12.723	-39.324	-1318.383	0.1183472	0	Stray Markers	652060	1	OK	1.0000000	0.0000000	0.0000000	0.0000000	0.000	0.000	0.000	0.0000000	1	OK	71.233	-27.630	-1239.121
2	Port 2: NDI 8700340  s/n:34802401	652063	1	OK	0.6216639	0.2901819	-0.7266112	0.0369406	12.735	-39.336	-1318.399	0.1178279	0	Stray Markers	652063	1	OK	1.0000000	0.0000000	0.0000000	0.0000000	0.000	0.000	0.000	0.0000000	1	OK	71.233	-27.640	-1239.151
2	Port 2: NDI 8700340  s/n:34802401	652066	1	OK	0.6220049	0.2905119	-0.7262140	0.0364147	12.745	-39.322	-1318.496	0.1183162	0	Stray Markers	652066	1	OK	1.0000000	0.0000000	0.0000000	0.0000000	0.000	0.000	0.000	0.0000000	1	OK	71.233	-27.647	-1239.139
2	Port 2: NDI 8700340  s/n:34802401	652069	1	OK	0.6218687	0.2899407	-0.7265351	0.0368854	12.724	-39.328	-1318.345	0.1191049	0	Stray Markers	652069	1	OK	1.0000000	0.0000000	0.0000000	0.0000000	0.000	0.000	0.000	0.0000000	1	OK	71.234	-27.663	-1239.179
2	Port 2: NDI 8700340  s/n:34802401	652072	1	OK	0.6219388	0.2902387	-0.7263699	0.0366114	12.740	-39.325	-1318.446	0.1165321	0	Stray Markers	652072	1	OK	1.0000000	0.0000000	0.0000000	0.0000000	0.000	0.000	0.000	0.0000000	1	OK	71.238	-27.680	-1239.127
2	Port 2: NDI 8700340  s/n:34802401	652075	1	OK	0.6219688	0.2900518	-0.7264151	0.0366855	12.737	-39.336	-1318.383	0.1171957	0	Stray Markers	652075	1	OK	1.0000000	0.0000000	0.0000000	0.0000000	0.000	0.000	0.000	0.0000000	1	OK	71.244	-27.688	-1239.155
2	Port 2: NDI 8700340  s/n:34802401	652078	1	OK	0.6222094	0.2900775	-0.7262033	0.0365963	12.735	-39.306	-1318.490	0.1137545	0	Stray Markers	652078	1	OK	1.0000000	0.0000000	0.0000000	0.0000000	0.000	0.000	0.000	0.0000000	1	OK	71.231	-27.703	-1239.131
2	Port 2: NDI 8700340  s/n:34802401	652081	1	OK	0.6221057	0.2904722	-0.7261466	0.0363533	12.737	-39.312	-1318.439	0.1153851	0	Stray Markers	652081	1	OK	1.0000000	0.0000000	0.0000000	0.0000000	0.000	0.000	0.000	0.0000000	1	OK	71.242	-27.717	-1239.090
2	Port 2: NDI 8700340  s/n:34802401	652084	1	OK	0.6220572	0.2911159	-0.7259644	0.0356659	12.713	-39.315	-1318.386	0.1189086	0	Stray Markers	652084	1	OK	1.0000000	0.0000000	0.0000000	0.0000000	0.000	0.000	0.000	0.0000000	1	OK	71.255	-27.741	-1239.166
2	Port 2: NDI 8700340  s/n:34802401	652087	1	OK	0.6220178	0.2906184	-0.7261623	0.0363753	12.708	-39.299	-1318.416	0.1185594	0	Stray Markers	652087	1	OK	1.0000000	0.0000000	0.0000000	0.0000000	0.000	0.000	0.000	0.0000000	1	OK	71.256	-27.763	-1239.132
2	Port 2: NDI 8700340  s/n:34802401	652090	1	OK	0.6221396	0.2913631	-0.7257951	0.0356570	12.703	-39.272	-1318.461	0.1191147	0	Stray Markers	652090	1	OK	1.0000000	0.0000000	0.0000000	0.0000000	0.000	0.000	0.000	0.0000000	1	OK	71.264	-27.776	-1239.137
2	Port 2: NDI 8700340  s/n:34802401	652093	1	OK	0.6221314	0.2905706	-0.7260896	0.0362655	12.698	-39.307	-1318.372	0.1202874	0	Stray Markers	652093	1	OK	1.0000000	0.0000000	0.0000000	0.0000000	0.000	0.000	0.000	0.0000000	1	OK	71.262	-27.806	-1239.197
2	Port 2: NDI 8700340  s/n:34802401	652096	1	OK	0.6221318	0.2908450	-0.7259905	0.0360422	12.699	-39.300	-1318.377	0.1186651	0	Stray Markers	652096	1	OK	1.0000000	0.0000000	0.0000000	0.0000000	0.000	0.000	0.000	0.0000000	1	OK	71.270	-27.813	-1239.169
2	Port 2: NDI 8700340  s/n:34802401	652099	1	OK	0.6221557	0.2911122	-0.7258735	0.0358285	12.705	-39.298	-1318.441	0.1166184	0	Stray Markers	652099	1	OK	1.0000000	0.0000000	0.0000000	0.0000000	0.000	0.000	0.000	0.0000000	1	OK	71.277	-27.814	-1239.225
2	Port 2: NDI 8700340  s/n:34802401	652102	1	OK	0.6223001	0.2909025	-0.7258336	0.0358312	12.706	-39.302	-1318.454	0.1199776	0	Stray Markers	652102	1	OK	1.0000000	0.0000000	0.0000000	0.0000000	0.000	0.000	0.000	0.0000000	1	OK	71.275	-27.819	-1239.154
2	Port 2: NDI 8700340  s/n:34802401	652105	1	OK	0.6223161	0.2909658	-0.7257953	0.0358156	12.704	-39.280	-1318.470	0.1157184	0	Stray Markers	652105	1	OK	1.0000000	0.0000000	0.0000000	0.0000000	0.000	0.000	0.000	0.0000000	1	OK	71.267	-27.824	-1239.098
2	Port 2: NDI 8700340  s/n:34802401	652108	1	OK	0.6221594	0.2908376	-0.7259741	0.0359551	12.697	-39.311	-1318.406	0.1168690	0	Stray Markers	652108	1	OK	1.0000000	0.0000000	0.0000000	0.0000000	0.000	0.000	0.000	0.0000000	1	OK	71.271	-27.825	-1239.167
2	Port 2: NDI 8700340  s/n:34802401	652111	1	OK	0.6222149	0.2902342	-0.7261448	0.0364204	12.706	-39.316	-1318.369	0.1209099	0	Stray Markers	652111	1	OK	1.0000000	0.0000000	0.0000000	0.0000000	0.000	0.000	0.000	0.0000000	1	OK	71.271	-27.826	-1239.110
2	Port 2: NDI 8700340  s/n:34802401	652114	1	OK	0.6221095	0.2911215	-0.7259088	0.0358394	12.705	-39.297	-1318.403	0.1201878	0	Stray Markers	652114	1	OK	1.0000000	0.0000000	0.0000000	0.0000000	0.000	0.000	0.000	0.0000000	1	OK	71.269	-27.812	-1239.128
2	Port 2: NDI 8700340  s/n:34802401	652117	1	OK	0.6221380	0.2904220	-0.7261424	0.0362852	12.702	-39.333	-1318.355	0.1187469	0	Stray Markers	652117	1	OK	1.0000000	0.0000000	0.0000000	0.0000000	0.000	0.000	0.000	0.0000000	1	OK	71.275	-27.841	-1239.162
2	Port 2: NDI 8700340  s/n:34802401	652120	1	OK	0.6224237	0.2909068	-0.7257246	0.0358582	12.693	-39.291	-1318.406	0.1207834	0	Stray Markers	652120	1	OK	1.0000000	0.0000000	0.0000000	0.0000000	0.000	0.000	0.000	0.0000000	1	OK	71.276	-27.812	-1239.174
2	Port 2: NDI 8700340  s/n:34802401	652123	1	OK	0.6223327	0.2906404	-0.7258904	0.0362394	12.702	-39.322	-1318.366	0.1203443	0	Stray Markers	652123	1	OK	1.0000000	0.0000000	0.0000000	0.0000000	0.000	0.000	0.000	0.0000000	1	OK	71.270	-27.813	-1239.169
2	Port 2: NDI 8700340  s/n:34802401	652126	1	OK	0.6226931	0.2904841	-0.7256438	0.0362408	12.714	-39.316	-1318.447	0.1165517	0	Stray Markers	652126	1	OK	1.0000000	0.0000000	0.0000000	0.0000000	0.000	0.000	0.000	0.0000000	1	OK	71.264	-27.837	-1239.199
2	Port 2: NDI 8700340  s/n:34802401	652129	1	OK	0.6227282	0.2907567	-0.7255081	0.0361680	12.709	-39.305	-1318.435	0.1162113	0	Stray Markers	652129	1	OK	1.0000000	0.0000000	0.0000000	0.0000000	0.000	0.000	0.000	0.0000000	1	OK	71.275	-27.811	-1239.200
2	Port 2: NDI 8700340  s/n:34802401	652132	1	OK	0.6228208	0.2903643	-0.7255648	0.0365852	12.715	-39.303	-1318.411	0.1162163	0	Stray Markers	652132	1	OK	1.0000000	0.0000000	0.0000000	0.0000000	0.000	0.000	0.000	0.0000000	1	OK	71.267	-27.822	-1239.098
2	Port 2: NDI 8700340  s/n:34802401	652135	1	OK	0.6229307	0.2915061	-0.7250483	0.0358681	12.703	-39.289	-1318.413	0.1179525	0	Stray Markers	652135	1	OK	1.0000000	0.0000000	0.0000000	0.0000000	0.000	0.000	0.000	0.0000000	1	OK	71.277	-27.819	-1239.203
2	Port 2: NDI 8700340  s/n:34802401	652138	1	OK	0.6229507	0.2910474	-0.7251890	0.0363965	12.706	-39.293	-1318.409	0.1120675	0	Stray Markers	652138	1	OK	1.0000000	0.0000000	0.0000000	0.0000000	0.000	0.000	0.000	0.0000000	1	OK	71.280	-27.825	-1239.207
2	Port 2: NDI 8700340  s/n:34802401	652141	1	OK	0.6230641	0.2913065	-0.7249943	0.0362618	12.708	-39.277	-1318.426	0.1230302	0	Stray Markers	652141	1	OK	1.0000000	0.0000000	0.0000000	0.0000000	0.000	0.000	0.000	0.0000000	1	OK	71.272	-27.829	-1239.222
2	Port 2: NDI 8700340  s/n:34802401	652144	1	OK	0.6232408	0.2912833	-0.7248596	0.0361034	12.710	-39.299	-1318.415	0.1198184	0	Stray Markers	652144	1	OK	1.0000000	0.0000000	0.0000000	0.0000000	0.000	0.000	0.000	0.0000000	1	OK	71.279	-27.844	-1239.231
2	Port 2: NDI 8700340  s/n:34802401	652147	1	OK	0.6232742	0.2913570	-0.7247967	0.0361951	12.719	-39.282	-1318.480	0.1167078	0	Stray Markers	652147	1	OK	1.0000000	0.0000000	0.0000000	0.0000000	0.000	0.000	0.000	0.0000000	1	OK	71.271	-27.843	-1239.144
2	Port 2: NDI 8700340  s/n:34802401	652150	1	OK	0.6233646	0.2908947	-0.7248914	0.0364607	12.719	-39.293	-1318.441	0.1132841	0	Stray Markers	652150	1	OK	1.0000000	0.0000000	0.0000000	0.0000000	0.000	0.000	0.000	0.0000000	1	OK	71.281	-27.846	-1239.215
2	Port 2: NDI 8700340  s/n:34802401	652153	1	OK	0.6234482	0.2913375	-0.7246651	0.0359897	12.704	-39.285	-1318.434	0.1165735	0	Stray Markers	652153	1	OK	1.0000000	0.0000000	0.0000000	0.0000000	0.000	0.000	0.000	0.0000000	1	OK	71.282	-27.847	-1239.194
2	Port 2: NDI 8700340  s/n:34802401	652156	1	OK	0.6232985	0.2908667	-0.7249497	0.0366553	12.710	-39.291	-1318.405	0.1121331	0	Stray Markers	652156	1	OK	1.0000000	0.0000000	0.0000000	0.0000000	0.000	0.000	0.000	0.0000000	1	OK	71.284	-27.834	-1239.164
2	Port 2: NDI 8700340  s/n:34802401	652159	1	OK	0.6234540	0.2912297	-0.7246908	0.0362424	12.704	-39.260	-1318.454	0.1174542	0	Stray Markers	652159	1	OK	1.0000000	0.0000000	0.0000000	0.0000000	0.000	0.000	0.000	0.0000000	1	OK	71.277	-27.833	-1239.141
2	Port 2: NDI 8700340  s/n:34802401	652162	1	OK	0.6235532	0.2906394	-0.7248157	0.0367732	12.732	-39.294	-1318.477	0.1122746	0	Stray Markers	652162	1	OK	1.0000000	0.0000000	0.0000000	0.0000000	0.000	0.000	0.000	0.0000000	1	OK	71.277	-27.844	-1239.124
2	Port 2: NDI 8700340  s/n:34802401	652165	1	OK	0.6235785	0.2911812	-0.7245998	0.0363106	12.717	-39.282	-1318.469	0.1131168	0	Stray Markers	652165	1	OK	1.0000000	0.0000000	0.0000000	0.0000000	0.000	0.000	0.000	0.0000000	1	OK	71.289	-27.845	-1239.179
2	Port 2: NDI 8700340  s/n:34802401	652168	1	OK	0.6237916	0.2914155	-0.7243287	0.0361805	12.732	-39.275	-1318.541	0.1104249	0	Stray Markers	652168	1	OK	1.0000000	0.0000000	0.0000000	0.0000000	0.000	0.000	0.000	0.0000000	1	OK	71.278	-27.840	-1239.157
2	Port 2: NDI 8700340  s/n:34802401	652171	1	OK	0.6237802	0.2910296	-0.7244837	0.0363784	12.726	-39.279	-1318.507	0.1120821	0	Stray Markers	652171	1	OK	1.0000000	0.0000000	0.0000000	0.0000000	0.000	0.000	0.000	0.0000000	1	OK	71.281	-27.840	-1239.212
2	Port 2: NDI 8700340  s/n:34802401	652174	1	OK	0.6237303	0.2910871	-0.7245034	0.0363815	12.728	-39.280	-1318.526	0.1076081	0	Stray Markers	652174	1	OK	1.0000000	0.0000000	0.0000000	0.0000000	0.000	0.000	0.000	0.0000000	1	OK	71.283	-27.860	-1239.124
